Compound Name	Total Molweight	Monoisotopic Mass	cLogP	cLogS	H-Acceptors	H-Donors	Total Surface Area	Relative PSA	Polar Surface Area	Druglikeness	Shape Index	Molecular Flexibility	Molecular Complexity	Fragments	Non-H Atoms	Non-C/H Atoms	Metal-Atoms	Electronegative Atoms	Stereo Centers	Rotatable Bonds	Rings Closures	Aromatic Atoms	sp3-Atoms	Symmetric atoms	Small Rings	Carbo-Rings	Hetero-Rings	Saturated Rings	Non-Aromatic Rings	Aromatic Rings	Saturated Carbo-Rings	Non-Aromatic Carbo-Rings	Carbo-Aromatic Rings	Saturated Hetero-Rings	Non-Aromatic Hetero-Rings	Hetero-Aromatic Rings	Amides	Amines	Alkyl-Amines	Aromatic Amines	Aromatic Nitrogens	Basic Nitrogens	Acidic Oxygens	Geroprotectors	DataSet	Smiles
(R,R)-Cis-Diethyl Tetrahydro-2,8-Chrysenediol	320.431	320.17763	4.8318	-4.116	2	2	246.2	0.10642	40.46	-0.23524	0.5	0.1616	0.94206	1	24	2	0	2	2	2	4	12	10	12	4	4	0	0	2	2	0	2	2	0	0	0	0	0	0	0	0	0	0	1	Geroprotectors reported	CC[C@@H]1CC2=C(C=CC(=C2)O)C3=C1C4=C(C[C@H]3CC)C=C(C=C4)O
1,2,3,4,6-Penta-O-Galloyl-B-D-Glucose	940.679	940.11819	1.8357	-3.209	26	15	619.06	0.51966	444.18	-0.25527	0.28358	0.27678	0.98639	1	67	26	0	26	5	16	6	30	27	15	6	5	1	1	1	5	0	0	5	1	1	0	0	0	0	0	0	0	0	1	Geroprotectors reported	Oc1cc(cc(O)c1O)C(=O)OC[C@H]1O[C@@H](OC(=O)c2cc(O)c(O)c(O)c2)[C@H](OC(=O)c2cc(O)c(O)c(O)c2)[C@@H](OC(=O)c2cc(O)c(O)c(O)c2)[C@@H]1OC(=O)c1cc(O)c(O)c(O)c1
10-Hydroxy-2-Decenoic Acid	186.25	186.125595	2.1572	-1.884	3	2	166.77	0.23529	57.53	-21.39	0.92308	0.55704	0.34657	1	13	3	0	3	0	8	0	0	9	0	0	0	0	0	0	0	0	0	0	0	0	0	0	0	0	0	0	0	1	1	Geroprotectors reported	C(CCC/C=C/C(=O)O)CCCO
1400W	177.25	177.126597	-0.1475	-1.874	3	2	153.05	0.27475	64.4	-0.19981	0.69231	0.51773	0.59256	1	13	3	0	3	0	3	1	6	4	0	1	1	0	0	0	1	0	0	1	0	0	0	0	1	1	0	0	2	0	1	Geroprotectors reported	CC(=NCC1=CC=CC(=C1)CN)N
17-A-Estradiol	272.387	272.17763	3.8766	-4.02	2	2	200.69	0.13055	40.46	0.10838	0.55	0.11198	0.87805	1	20	2	0	2	5	0	4	6	14	0	4	4	0	2	3	1	2	3	1	0	0	0	0	0	0	0	0	0	0	1	Geroprotectors reported	[H][C@]12CC[C@]3(C)[C@H](O)CC[C@@]3([H])[C@]1([H])CCc1cc(O)ccc21
2-(2-Aminophenyl)-1H-Benzimidazole	209.251	209.095297	2.2249	-4.048	3	2	164.47	0.2446	54.7	-0.18002	0.5625	0.30402	0.73199	1	16	3	0	3	0	1	3	15	0	0	3	2	1	0	0	3	0	0	2	0	0	1	0	1	0	1	2	1	0	1	Geroprotectors reported	C1=CC=C(C(=C1)C2=NC3=CC=CC=C3N2)N
2-(2-Hydroxyphenyl)-Benzoxazole	211.219	211.063329	2.1013	-4.048	3	1	161.39	0.21377	38.33	1.9295	0.5625	0.10345	0.75547	1	16	3	0	3	0	0	3	6	1	0	3	2	1	0	2	1	0	1	1	0	1	0	0	0	0	0	0	0	0	1	Geroprotectors reported	C1=CC=C2C(=C1)N/C(=C\3/C=CC=CC3=O)/O2
2-Deoxy-D-Glucose	164.156	164.068475	-2.3363	-0.068	5	4	123.46	0.53005	97.99	-2.1384	0.72727	0.88034	0.6271	1	11	5	0	5	3	5	0	0	9	0	0	0	0	0	0	0	0	0	0	0	0	0	0	0	0	0	0	0	0	1	Geroprotectors reported	C(C=O)C(C(C(CO)O)O)O
2-Mercaptoethanol	78.1346	78.013935	-0.0167	-1.134	1	1	63.23	0.56476	59.03	-6.3477	1	0.76343	0	1	4	2	0	2	0	1	0	0	4	0	0	0	0	0	0	0	0	0	0	0	0	0	0	0	0	0	0	0	0	1	Geroprotectors reported	C(CS)O
2,4-Dinitrophenol	184.107	184.012023	-0.5293	-2.24	7	1	126.95	0.58243	111.87	-7.5665	0.53846	0.46766	0.72397	1	13	7	0	7	0	2	1	6	3	0	1	1	0	0	0	1	0	0	1	0	0	0	0	0	0	0	0	0	0	1	Geroprotectors reported	C1=CC(=C(C=C1[N+](=O)[O-])[N+](=O)[O-])O
3,3-Diethyl-2-Pyrrolidinone	141.213	141.115364	1.3459	-1.714	2	1	119.18	0.20557	29.1	4.6125	0.5	0.49371	0.61821	1	10	2	0	2	0	2	1	0	7	2	1	0	1	1	1	0	0	0	0	1	1	0	1	0	0	0	0	0	0	1	Geroprotectors reported	CCC1(CCNC1=O)CC
3,4-Dichloroisocoumarin	215.035	213.958834	2.8406	-2.599	2	0	141.27	0.16309	26.3	-3.613	0.53846	0.12498	0.73536	1	13	4	0	4	0	0	2	6	1	0	2	1	1	0	1	1	0	0	1	0	1	0	0	0	0	0	0	0	0	1	Geroprotectors reported	C1=CC=C2C(=C1)C(=C(OC2=O)Cl)Cl  
4-Phenyl-3-Furoxancarbonitrile	187.158	187.038177	1.7877	-3.761	5	0	145.23	0.36425	75.28	-5.0418	0.57143	0.38459	0.6593	1	14	5	0	5	0	1	2	11	1	2	2	1	1	0	0	2	0	0	1	0	0	1	0	0	0	0	2	0	0	1	Geroprotectors reported	C1=CC=C(C=C1)C2=NO[N+](=C2C#N)[O-]  
4-Phenylbutyrate	163.195	163.075905	-0.0244	-2.134	2	0	139.82	0.19539	40.13	-5.8819	0.75	0.6403	0.43984	1	12	2	0	2	0	4	1	6	4	2	1	1	0	0	0	1	0	0	1	0	0	0	0	0	0	0	0	0	0	1	Geroprotectors reported	C1=CC=C(C=C1)CCCC(=O)[O-]  
4'-O-Methyl Epicatechin	478.448	478.147515	0.275	-2.431	11	7	325.5	0.41395	186.37	-0.25095	0.5	0.27929	0.93402	1	34	11	0	11	7	5	4	12	20	0	4	2	2	2	2	2	0	0	2	2	2	0	0	0	0	0	0	0	1	1	Geroprotectors reported	CCC1=C(C=C(C=C1)C2[C@H](CC3=C(O2)C=C(C=C3O[C@H]4C([C@H]([C@@H](C(O4)C(=O)O)O)O)O)O)O)O
7-Cyclopentyl-5-(4-Phenoxy)Phenyl-7H-Pyrrolo[2,3-D]Pyrimidin-4-Ylamine	370.455	370.179361	4.7822	-7.175	5	1	286.66	0.18866	65.96	-1.5661	0.53571	0.39471	0.86592	1	28	5	0	5	0	4	5	21	6	6	5	3	2	1	1	4	1	1	2	0	0	2	0	1	0	1	3	0	0	1	Geroprotectors reported	C1CCC(C1)N2C=C(C3=C(N=CN=C32)N)C4=CC=C(C=C4)OC5=CC=CC=C5
Acarbose	645.605	645.248019	-7.1771	0.586	19	14	419.26	0.55278	321.17	-7.4039	0.47727	0.35909	0.98306	1	44	19	0	19	19	9	4	0	42	0	4	1	3	3	4	0	0	1	0	3	3	0	0	1	1	0	0	1	0	1	Geroprotectors reported	C[C@@H]1[C@H]([C@@H]([C@H]([C@H](O1)O[C@@H]2[C@H](O[C@@H]([C@@H]([C@H]2O)O)O[C@@H]3[C@H](OC([C@@H]([C@H]3O)O)O)CO)CO)O)O)N[C@H]4C=C([C@H]([C@@H]([C@H]4O)O)O)CO
Acetaminophen	151.164	151.063329	1.0176	-1.662	3	2	121.08	0.31054	49.33	0.44887	0.72727	0.40705	0.58889	1	11	3	0	3	0	1	1	6	2	2	1	1	0	0	0	1	0	0	1	0	0	0	1	0	0	0	0	0	0	1	Geroprotectors reported	CC(=O)NC1=CC=C(C=C1)O
Amn082	465.466	392.225248	5.299	-5.12	2	2	327.98	0.069882	24.06	1.2638	0.46667	0.48456	0.62421	3	30	2	0	2	0	9	4	24	6	23	4	4	0	0	0	4	0	0	4	0	0	0	0	2	2	0	0	2	0	1	Geroprotectors reported	C1=CC=C(C=C1)C(C2=CC=CC=C2)NCCNC(C3=CC=CC=C3)C4=CC=CC=C4.Cl.Cl  
Amoxapine	313.787	313.098189	3.3035	-4.355	4	1	231.21	0.15795	36.86	3.0119	0.45455	0.25655	0.84323	1	22	5	0	5	0	0	4	12	6	2	4	2	2	1	2	2	0	0	2	1	2	0	0	1	1	0	0	2	0	1	Geroprotectors reported	C1CN(CCN1)C2=NC3=CC=CC=C3OC4=C2C=C(C=C4)Cl  
Amperozide Hydrochloride	437.96	401.227868	4.621	-3.889	4	1	316.87	0.099725	35.58	7.0587	0.58621	0.51161	0.73864	2	29	6	0	6	0	7	3	12	11	11	3	2	1	1	1	2	0	0	2	1	1	0	2	1	1	0	0	1	0	1	Geroprotectors reported	CCNC(=O)N1CCN(CC1)CCCC(C2=CC=C(C=C2)F)C3=CC=C(C=C3)F.Cl  
Ascorbic Acid	176.124	176.03209	-2.4646	-0.349	6	4	114.83	0.65697	107.22	0.023806	0.58333	0.40905	0.74811	1	12	6	0	6	2	2	1	0	8	0	1	0	1	0	1	0	0	0	0	0	1	0	0	0	0	0	0	0	0	1	Geroprotectors reported	C([C@@H]([C@@H]1C(=C(C(=O)O1)O)O)O)O  
Aspirin	180.159	180.04226	1.1314	-1.929	4	1	137.37	0.35801	63.6	-1.6343	0.53846	0.22196	0.69052	1	13	4	0	4	0	3	1	6	3	0	1	1	0	0	0	1	0	0	1	0	0	0	0	0	0	0	0	0	1	1	Geroprotectors reported	CC(=O)OC1=CC=CC=C1C(=O)O
Bacitracin	1422.71	1421.74894	-7.5135	-6.14	33	17	1093.4	0.39747	556.17	2.7215	0.35	0.4849	0.98965	1	100	34	0	34	15	31	4	11	47	3	3	1	2	0	1	2	0	0	1	0	1	1	12	2	2	0	2	3	2	1	Geroprotectors reported	CC[C@H](C)[C@H]1C(=O)N[C@@H](C(=O)N[C@H](C(=O)N[C@@H](C(=O)N[C@H](C(=O)NCCCC[C@@H](C(=O)N[C@@H](C(=O)N1)CCCN)NC(=O)[C@H]([C@@H](C)CC)NC(=O)[C@@H](CCC(=O)O)NC(=O)[C@H](CC(C)C)NC(=O)[C@@H]2CSC(=N2)[C@H]([C@@H](C)CC)N)CC(=O)N)CC(=O)O)CC3=CN=CN3)CC4=CC=CC=C4
Baicalein	270.239	270.052825	2.3357	-2.856	5	3	191.03	0.32634	86.99	0.28194	0.55	0.23316	0.83396	1	20	5	0	5	0	1	3	12	4	2	3	2	1	0	1	2	0	0	2	0	1	0	0	0	0	0	0	0	0	1	Geroprotectors reported	C1=CC=C(C=C1)C2=CC(=O)C3=C(O2)C=C(C(=C3O)O)O  
Beauveriolide I	487.639	487.304622	3.3055	-4.591	8	3	394	0.24503	113.6	-0.50814	0.42857	0.46254	0.81145	1	35	8	0	8	5	8	2	6	18	3	1	1	0	0	0	1	0	0	1	0	0	0	3	0	0	0	0	0	0	1	Geroprotectors reported	CCCC[C@H](C)[C@@H]1CC(=O)N[C@H](C(=O)N[C@H](C(=O)N[C@@H](C(=O)O1)CC(C)C)C)CC2=CC=CC=C2
Berberine	336.366	336.123584	0.5223	-4.669	5	0	243.72	0.17545	40.8	-2.2467	0.52	0.10463	0.93546	1	25	5	0	5	0	2	5	16	9	0	5	2	3	1	2	3	0	0	2	1	2	1	0	0	0	0	1	0	0	1	Geroprotectors reported	COC1=C(C2=C[N+]3=C(C=C2C=C1)C4=CC5=C(C=C4CC3)OCO5)OC  
Beta-Estradiol	272.387	272.17763	3.8766	-4.02	2	2	200.69	0.13055	40.46	0.10838	0.55	0.11198	0.87805	1	20	2	0	2	5	0	4	6	14	0	4	4	0	2	3	1	2	3	1	0	0	0	0	0	0	0	0	0	0	1	Geroprotectors reported	C[C@]12CC[C@H]3[C@H]([C@@H]1CC[C@@H]2O)CCC4=C3C=CC(=C4)O  
Bezafibrate	347.797	347.092436	2.9719	-3.963	5	2	264.03	0.22967	75.63	1.476	0.70833	0.57591	0.6593	1	24	6	0	6	1	7	2	12	6	4	2	2	0	0	0	2	0	0	2	0	0	0	1	0	0	0	0	0	1	1	Geroprotectors reported	C(C)(C(=O)O)OC1=CC=C(C=C1)CCNC(=O)C2=CC=C(C=C2)Cl
Brl 15572	406.955	406.18119	4.8524	-4.412	3	1	315.45	0.064035	26.71	6.874	0.51724	0.51824	0.72141	1	29	4	0	4	1	6	4	18	9	10	4	3	1	1	1	3	0	0	3	1	1	0	0	2	1	1	0	1	0	1	Geroprotectors reported	C1CN(CCN1CC(C(C2=CC=CC=C2)C3=CC=CC=C3)O)C4=CC(=CC=C4)Cl  
Brl 50481	244.27	244.051778	0.3005	-1.559	6	0	172.59	0.36242	91.58	-7.5184	0.5	0.49051	0.74499	1	16	7	0	7	0	2	1	6	5	2	1	1	0	0	0	1	0	0	1	0	0	0	1	0	0	0	0	0	0	1	Geroprotectors reported	CC1=C(C=C(C=C1)[N+](=O)[O-])S(=O)(=O)N(C)C
BTCP Hydrochloride	335.941	299.170769	5.0584	-4.816	1	0	235.11	0.1017	31.48	0.57265	0.47619	0.40121	0.81096	2	21	2	0	2	0	2	4	9	12	4	4	2	2	2	2	2	1	1	1	1	1	1	0	1	1	0	0	1	0	1	Geroprotectors reported	C1CCC(CC1)(C2=CC3=CC=CC=C3S2)N4CCCCC4.Cl  
Buformin	157.22	157.132745	-0.3173	-2.295	5	3	138.54	0.49682	102.78	-1.3875	0.81818	0.37124	0.49698	1	11	5	0	5	0	3	0	0	4	1	0	0	0	0	0	0	0	0	0	0	0	0	0	0	0	0	0	2	0	1	Geroprotectors reported	CCCCN=C(N)N=C(N)N
Butein	272.255	272.068475	1.921	-2.656	5	4	202.67	0.32289	97.99	0.13358	0.65	0.42181	0.68031	1	20	5	0	5	0	3	2	12	4	0	2	2	0	0	0	2	0	0	2	0	0	0	0	0	0	0	0	0	0	1	Geroprotectors reported	C1=CC(=C(C=C1/C=C/C(=O)C2=C(C=C(C=C2)O)O)O)O  
Butylated Hydroxytoluene	220.355	220.182715	4.8216	-3.984	1	1	186.25	0.070336	20.23	-5.276	0.4375	0.50111	0.63126	1	16	1	0	1	0	2	1	6	10	8	1	1	0	0	0	1	0	0	1	0	0	0	0	0	0	0	0	0	0	1	Geroprotectors reported	CC1=CC(=C(C(=C1)C(C)(C)C)O)C(C)(C)C
CaEDTA	292.243	292.090668	-6.1434	1.67	10	4	213.06	0.52408	155.68	-7.634	0.5	0.82716	0.56446	1	20	10	0	10	0	11	0	0	12	14	0	0	0	0	0	0	0	0	0	0	0	0	0	2	2	0	0	2	4	1	Geroprotectors reported	C(CN(CC(=O)O)CC(=O)O)N(CC(=O)O)CC(=O)O
Caffeic Acid	180.159	180.04226	0.7825	-1.407	4	3	136.56	0.38327	77.76	0.1675	0.69231	0.39892	0.61059	1	13	4	0	4	0	2	1	6	3	0	1	1	0	0	0	1	0	0	1	0	0	0	0	0	0	0	0	0	1	1	Geroprotectors reported	C1=CC(=C(C=C1/C=C/C(=O)O)O)O
Caffeine	194.193	194.080376	-0.1784	-1.144	6	0	140.6	0.36287	58.44	2.5858	0.5	0.011997	0.81859	1	14	6	0	6	0	0	2	5	3	0	2	0	2	0	1	1	0	0	0	0	1	1	2	0	0	0	2	0	0	1	Geroprotectors reported	CN1C=NC2=C1C(=O)N(C(=O)N2C)C
Carbenicillin	378.404	378.088558	0.6887	-1.88	8	3	254.14	0.43622	149.31	9.8387	0.5	0.3868	0.90501	1	26	9	0	9	4	5	3	6	10	3	4	1	3	3	3	1	0	0	1	3	3	0	2	0	0	0	0	0	2	1	Geroprotectors reported	CC1([C@@H](N2[C@H](S1)[C@@H](C2=O)NC(=O)C(C3=CC=CC=C3)C(=O)O)C(=O)O)C
Carbonyl Cyanide M-Chlorophenyl Hydrazone	204.62	204.020273	2.7238	-3.147	4	1	166.53	0.30079	71.97	-5.31	0.64286	0.31987	0.55597	1	14	5	0	5	0	2	1	6	0	2	1	1	0	0	0	1	0	0	1	0	0	0	0	0	0	0	0	0	0	1	Geroprotectors reported	 C1=CC(=CC(=C1)Cl)NN=C(C#N)C#N
Carbonylcyanide-P-Trifluoromethoxyphenylhydrazone	254.171	254.041545	3.2168	-3.434	5	1	190.57	0.31532	81.2	-13.556	0.66667	0.49399	0.58959	1	18	8	0	8	0	4	1	6	2	6	1	1	0	0	0	1	0	0	1	0	0	0	0	0	0	0	0	0	0	1	Geroprotectors reported	FC(F)(F)Oc1ccc(NN=C(C#N)C#N)cc1
Carnosine	226.235	226.106591	-3.9673	-0.417	7	4	177.2	0.51281	121.1	-7.6705	0.625	0.62318	0.63297	1	16	7	0	7	1	6	1	5	6	0	1	0	1	0	0	1	0	0	0	0	0	1	1	1	1	0	2	2	1	1	Geroprotectors reported	C1=C(NC=N1)C[C@@H](C(=O)O)NC(=O)CCN  
Catechin	290.27	290.07904	1.5087	-1.764	6	5	200.03	0.37744	110.38	0.31525	0.52381	0.283	0.8227	1	21	6	0	6	2	1	3	12	9	0	3	2	1	0	1	2	0	0	2	0	1	0	0	0	0	0	0	0	0	1	Geroprotectors reported	C1[C@@H]([C@H](OC2=CC(=CC(=C21)O)O)C3=CC(=C(C=C3)O)O)O  
Celecoxib	381.377	381.075881	2.5888	-4.174	5	1	259.56	0.23767	86.36	-8.1085	0.5	0.47398	0.82757	1	26	9	0	9	0	4	3	17	3	7	3	2	1	0	0	3	0	0	2	0	0	1	1	0	0	0	2	0	0	1	Geroprotectors reported	CC1=CC=C(C=C1)C2=CC(=NN2C3=CC=C(C=C3)S(=O)(=O)N)C(F)(F)F  
Chicoric Acid	474.373	474.07983	0.4222	-2.392	12	6	340.12	0.44326	208.12	-2.8439	0.58824	0.41954	0.79048	1	34	12	0	12	2	11	2	12	10	17	2	2	0	0	0	2	0	0	2	0	0	0	0	0	0	0	0	0	2	1	Geroprotectors reported	C1=CC(=C(C=C1/C=C/C(=O)O[C@@H](C(=O)O)[C@@H](OC(=O)/C=C/C2=CC(=C(C=C2)O)O)C(=O)O)O)O
Chloramphenicol	323.131	322.012327	-0.4248	-2.367	7	3	220.94	0.36716	115.38	-2.4605	0.6	0.57521	0.67279	1	20	9	0	9	2	6	1	6	7	3	1	1	0	0	0	1	0	0	1	0	0	0	1	0	0	0	0	0	0	1	Geroprotectors reported	C1=CC(=CC=C1[C@H]([C@@H](CO)NC(=O)C(Cl)Cl)O)[N+](=O)[O-]
Chlorprothixene Hydrochloride	352.328	315.084846	5.1216	-4.558	1	0	239.48	0.087857	28.54	3.8043	0.47619	0.31674	0.84556	2	21	3	0	3	0	3	3	12	6	1	3	2	1	0	1	2	0	0	2	0	1	0	0	1	1	0	0	1	0	1	Geroprotectors reported	CN(C)CC/C=C\1/C2=CC=CC=C2SC3=C1C=C(C=C3)Cl.Cl  
Chromium Picolinate	418.304	123.032029	0.1978	-0.858	3	1	96.12	0.38608	50.19	-1.5746	0.66667	0.31008	0.72259	4	9	3	0	3	0	1	1	6	1	0	1	0	1	0	0	1	0	0	0	0	0	1	0	0	0	0	1	0	1	1	Geroprotectors reported	C1=CC=NC(=C1)C(=O)[O-].C1=CC=NC(=C1)C(=O)[O-].C1=CC=NC(=C1)C(=O)[O-].[Cr+3]  
Ciclopirox Olamine	268.356	207.125929	1.4285	-2.587	3	1	163.88	0.18117	40.54	-6.5699	0.53333	0.35547	0.69969	2	15	3	0	3	0	1	2	0	8	2	2	1	1	1	2	0	1	1	0	0	1	0	0	0	0	0	0	0	0	1	Geroprotectors reported	CC1=CC(=O)N(C(=C1)C2CCCCC2)O.C(CO)N
Cinnarizine	368.522	368.225248	5.256	-3.799	2	0	307.68	0.023076	6.48	6.5107	0.57143	0.39231	0.63962	1	28	2	0	2	0	6	4	18	8	12	4	3	1	1	1	3	0	0	3	1	1	0	0	2	2	0	0	2	0	1	Geroprotectors reported	C1CN(CCN1C/C=C/C2=CC=CC=C2)C(C3=CC=CC=C3)C4=CC=CC=C4  
Cis-(Z)-Flupenthixol Dihydrochloride	507.446	434.163967	4.9219	-3.962	3	1	314.71	0.11976	52.01	1.7318	0.53333	0.41162	0.85449	3	30	7	0	7	0	6	4	12	13	4	4	2	2	1	2	2	0	0	2	1	2	0	0	2	2	0	0	2	0	1	Geroprotectors reported	C1CN(CCN1CC/C=C\2/C3=CC=CC=C3SC4=C2C=C(C=C4)C(F)(F)F)CCO.Cl.Cl
Clofibrate	242.701	242.070972	2.8997	-3.06	3	0	187.38	0.17633	35.53	-5.4068	0.6875	0.65301	0.59413	1	16	4	0	4	0	5	1	6	7	3	1	1	0	0	0	1	0	0	1	0	0	0	0	0	0	0	0	0	0	1	Geroprotectors reported	CCOC(=O)C(C)(C)OC1=CC=C(C=C1)Cl
Cortexolone Maleate	612.746	496.250811	3.988	-4.206	7	1	381.92	0.15891	73.5	2.8572	0.57143	0.50541	0.84972	2	35	8	0	8	0	9	4	16	16	4	4	3	1	1	1	3	0	0	3	1	1	0	1	3	1	2	0	1	0	1	Geroprotectors reported	CN(C)C1=CC=CC2=C1C=CC=C2S(=O)(=O)NCCCCN3CCN(CC3)C4=CC=CC=C4OC.C(=C\C(=O)O)\C(=O)O
Creatine	131.134	131.069477	-1.388	0.693	5	3	102.75	0.58939	90.41	-0.53335	0.66667	0.8118	0.57565	1	9	5	0	5	0	2	0	0	3	0	0	0	0	0	0	0	0	0	0	0	0	0	0	0	0	0	0	1	1	1	Geroprotectors reported	CN(CC(=O)O)C(=N)N
Curcumin	368.384	368.12599	2.949	-3.622	6	2	292.5	0.24711	93.06	-4.7745	0.62963	0.53568	0.71096	1	27	6	0	6	0	8	2	12	7	13	2	2	0	0	0	2	0	0	2	0	0	0	0	0	0	0	0	0	0	1	Geroprotectors reported	COC1=C(C=CC(=C1)/C=C/C(=O)CC(=O)/C=C/C2=CC(=C(C=C2)O)OC)O  
Cyclosporin A	1202.63	1201.84137	2.9037	-4.026	23	5	961.6	0.2363	278.8	6.7856	0.29412	0.54829	1.0029	1	85	23	0	23	12	15	1	0	50	6	0	0	0	0	0	0	0	0	0	0	0	0	11	0	0	0	0	0	0	1	Geroprotectors reported	CC[C@H]1C(=O)N(CC(=O)N([C@H](C(=O)N[C@H](C(=O)N([C@H](C(=O)N[C@H](C(=O)N[C@@H](C(=O)N([C@H](C(=O)N([C@H](C(=O)N([C@H](C(=O)N([C@H](C(=O)N1)[C@@H]([C@H](C)C/C=C/C)O)C)C(C)C)C)CC(C)C)C)CC(C)C)C)C)C)CC(C)C)C)C(C)C)CC(C)C)C)C  
Cyproterone Acetate	416.943	416.175437	3.7275	-5.101	4	0	285.66	0.17195	60.44	1.6827	0.44828	0.18632	1.0229	1	29	5	0	5	8	3	5	0	18	0	6	6	0	3	6	0	3	6	0	0	0	0	0	0	0	0	0	0	0	1	Geroprotectors reported	CC(=O)[C@]1(CC[C@@H]2[C@@]1(CC[C@H]3[C@H]2C=C(C4=CC(=O)[C@@H]5C[C@@H]5[C@]34C)Cl)C)OC(=O)C  
Cysteamine	77.1506	77.029919	-0.4145	-1.21	1	1	65.4	0.5792	64.82	-6.1884	1	0.66089	0	1	4	2	0	2	0	1	0	0	4	0	0	0	0	0	0	0	0	0	0	0	0	0	0	1	1	0	0	1	0	1	Geroprotectors reported	C(CS)N
D-Chiro-Inositol	180.155	180.06339	-3.0606	0.244	6	6	113.1	0.69496	121.38	-4.4182	0.5	0.38657	0.6452	1	12	6	0	6	0	0	1	0	12	10	1	1	0	1	1	0	1	1	0	0	0	0	0	0	0	0	0	0	0	1	Geroprotectors reported	C1(C(C(C(C(C1O)O)O)O)O)O
D-Glucosamine	179.171	179.079374	-3.0186	0.175	6	5	120.18	0.64628	116.17	0.12186	0.58333	0.39614	0.74997	1	12	6	0	6	5	1	1	0	12	0	1	0	1	1	1	0	0	0	0	1	1	0	0	1	1	0	0	1	0	1	Geroprotectors reported	C([C@@H]1[C@H]([C@@H]([C@H](C(O1)O)N)O)O)O  
D-Pinitol	194.182	194.07904	-2.6327	0.116	6	5	129.01	0.58523	110.38	-3.7296	0.53846	0.34534	0.78341	1	13	6	0	6	6	1	1	0	13	0	1	1	0	1	1	0	1	1	0	0	0	0	0	0	0	0	0	0	0	1	Geroprotectors reported	COC1[C@@H]([C@H](C([C@@H]([C@@H]1O)O)O)O)O
Dafadine-A	391.47	391.189592	3.7956	-3.827	6	0	310.36	0.20183	68.46	5.9411	0.62069	0.42289	0.75619	1	29	6	0	6	0	5	4	17	9	7	4	1	3	1	1	3	0	0	1	1	1	2	1	0	0	0	2	0	0	1	Geroprotectors reported	CC1=C(C(=CC=C1)C)OCC2=CC(=NO2)C(=O)N3CCC(CC3)C4=CC=NC=C4  
Danazol	337.461	337.204179	3.4638	-4.884	3	1	252.15	0.15142	46.26	2.0688	0.48	0.12405	0.96444	1	25	3	0	3	6	0	5	5	16	0	5	4	1	3	4	1	3	4	0	0	0	1	0	0	0	0	1	0	0	1	Geroprotectors reported	C[C@]12CC[C@H]3[C@H]([C@@H]1CC[C@]2(C#C)O)CCC4=CC5=C(C[C@]34C)C=NO5
DAPH	329.358	329.116427	3.8015	-5.143	5	3	249.16	0.24266	70.23	1.53	0.48	0.37908	0.83354	1	25	5	0	5	0	4	4	18	0	14	4	3	1	0	1	3	0	0	3	0	1	0	1	2	0	2	0	0	0	1	Geroprotectors reported	C1=CC=C(C=C1)NC2=C(C=C3C(=C2)C(=O)NC3=O)NC4=CC=CC=C4
Demeclocycline	464.857	464.098645	-1.0468	-1.587	10	6	296.53	0.41628	181.62	5.0376	0.375	0.24784	1.0747	1	32	11	0	11	5	2	4	6	14	1	4	4	0	1	3	1	1	3	1	0	0	0	1	1	1	0	0	1	0	1	Geroprotectors reported	CN(C)[C@H]1[C@@H]2C[C@@H]3[C@@H](C4=C(C=CC(=C4C(=C3C(=O)[C@@]2(C(=C(C1=O)C(=O)N)O)O)O)O)Cl)O
Deprenyl	187.285	187.136099	2.0991	-2.244	1	0	171.91	0.02065	3.24	5.8738	0.71429	0.66252	0.47603	1	14	1	0	1	1	4	1	6	6	2	1	1	0	0	0	1	0	0	1	0	0	0	0	1	1	0	0	1	0	1	Geroprotectors reported	CC(CC1=CC=CC=C1)N(C)CC#C
DHhP-6	576.839	576.430747	10.965	-5.453	4	2	511.45	0.10406	76.57	-21.03	0.775	0.74142	0.63126	1	40	5	0	5	1	22	0	0	27	2	0	0	0	0	0	0	0	0	0	0	0	0	0	0	0	0	0	0	2	1	Geroprotectors reported	CC(CC/C=C(\C)/CC/C=C(\C)/CC/C=C(\C)/CC/C=C(\C)/CC/C=C(\C)/CCC=C(C)C)CCOP(=O)(O)O  
Diazaborine	300.145	300.073993	2.8386	-1.306	5	1	216.37	0.26224	78.35	-10.583	0.57143	0.44972	0.82582	1	21	7	0	6	0	1	3	12	3	3	3	2	1	0	1	2	0	0	2	0	1	0	0	0	0	0	0	0	0	1	Geroprotectors reported	B1(C2=CC=CC=C2C=NN1S(=O)(=O)C3=CC=C(C=C3)C)O  
Dibromoacetic Acid	217.844	215.842152	0.5944	-1.441	2	1	87.36	0.29922	37.3	-10.57	0.66667	0.63462	0.89588	1	6	4	0	4	0	1	0	0	2	1	0	0	0	0	0	0	0	0	0	0	0	0	0	0	0	0	0	0	1	1	Geroprotectors reported	C(C(=O)O)(Br)Br
Dichloroacetate	127.934	126.935359	-1.7436	-1.157	2	0	82.12	0.33268	40.13	-1.8222	0.66667	0.63462	0.89588	1	6	4	0	4	0	1	0	0	2	1	0	0	0	0	0	0	0	0	0	0	0	0	0	0	0	0	0	0	0	1	Geroprotectors reported	C(C(=O)[O-])(Cl)Cl
Didanosine	236.23	236.090941	-0.5618	-2.422	7	2	170.82	0.45047	88.74	-0.52141	0.58824	0.31844	0.81997	1	17	7	0	7	2	2	3	5	7	0	3	0	3	1	2	1	0	0	0	1	2	1	1	0	0	0	2	1	0	1	Geroprotectors reported	C1C[C@@H](O[C@@H]1CO)N2C=NC3=C2N=CNC3=O
Dihydroergotamine Methanesulfonate	679.793	583.27947	3.3492	-3.851	10	3	405.81	0.24228	118.21	10.461	0.4186	0.28526	1.0783	2	43	10	0	10	7	4	8	15	19	2	8	3	5	4	5	3	0	1	2	4	4	1	3	1	1	0	1	1	0	1	Geroprotectors reported	C[C@@]1(C(=O)N2[C@H](C(=O)N3CCC[C@H]3[C@@]2(O1)O)CC4=CC=CC=C4)NC(=O)[C@@H]5C[C@H]6[C@@H](CC7=CNC8=CC=CC6=C78)N(C5)C.CS(=O)(=O)O  
Dimebolin	319.451	319.204847	3.0433	-2.748	3	0	257.96	0.08292	21.06	6.2707	0.54167	0.37243	0.89423	1	24	3	0	3	0	3	4	15	9	0	4	1	3	0	1	3	0	0	1	0	1	2	0	1	1	0	2	1	0	1	Geroprotectors reported	CC1=CC2=C(C=C1)N(C3=C2CN(CC3)C)CCC4=CN=C(C=C4)C  
Dimethyl Formamide	73.0946	73.052764	-0.4497	-0.258	2	0	67.86	0.24447	20.31	0.34492	0.8	0.59124	0.54931	1	5	2	0	2	0	0	0	0	2	1	0	0	0	0	0	0	0	0	0	0	0	0	1	0	0	0	0	0	0	1	Geroprotectors reported	CN(C)C=O
Dimethyl Sulfoxide	78.1346	78.013935	-1.2837	-0.044	1	0	60.74	0.37405	36.28	-1.4555	0.75	0	0	1	4	2	0	2	0	0	0	0	3	1	0	0	0	0	0	0	0	0	0	0	0	0	0	0	0	0	0	0	0	1	Geroprotectors reported	CS(=O)C
Doxazosin Mesylate	547.587	451.18557	2.1379	-4.1	10	1	330.83	0.29426	112.27	8.8653	0.57576	0.33384	0.88077	2	33	10	0	10	1	4	5	16	12	2	5	2	3	1	2	3	0	0	2	1	2	1	1	2	0	2	2	2	0	1	Geroprotectors reported	COC1=C(C=C2C(=C1)C(=NC(=N2)N3CCN(CC3)C(=O)C4COC5=CC=CC=C5O4)N)OC.CS(=O)(=O)O
Doxycycline	444.439	444.153268	-1.0999	-1.368	10	6	292.11	0.42258	181.62	5.077	0.375	0.25055	1.0718	1	32	10	0	10	6	2	4	6	15	1	4	4	0	1	3	1	1	3	1	0	0	0	1	1	1	0	0	1	0	1	Geroprotectors reported	C[C@@H]1[C@H]2[C@@H]([C@H]3[C@@H](C(=O)C(=C([C@]3(C(=O)C2=C(C4=C1C=CC=C4O)O)O)O)C(=O)N)N(C)C)O
Eliprodil	347.86	347.145219	4.1935	-3.995	2	1	265.5	0.062712	23.47	4.7908	0.70833	0.45566	0.67279	1	24	4	0	4	1	5	3	12	10	6	3	2	1	1	1	2	0	0	2	1	1	0	0	1	1	0	0	1	0	1	Geroprotectors reported	C1CN(CCC1CC2=CC=C(C=C2)F)CC(C3=CC=C(C=C3)Cl)O
Ellagic Acid	302.194	302.00627	1.2774	-3.286	8	4	186.92	0.52686	133.52	-1.5983	0.45455	0.062267	1.0031	1	22	8	0	8	0	0	4	12	6	11	4	2	2	0	2	2	0	0	2	0	2	0	0	0	0	0	0	0	0	1	Geroprotectors reported	C1=C2C3=C(C(=C1O)O)OC(=O)C4=CC(=C(C(=C43)OC2=O)O)O
Enalapril	376.451	376.199823	-0.0245	-2.477	7	2	295.7	0.26118	95.94	0.77856	0.51852	0.61487	0.77499	1	27	7	0	7	3	10	2	6	14	2	2	1	1	1	1	1	0	0	1	1	1	0	1	1	1	0	0	1	1	1	Geroprotectors reported	CCOC(=O)[C@H](CCC1=CC=CC=C1)N[C@@H](C)C(=O)N2CCC[C@H]2C(=O)O  
Epigallocatechin Gallate	458.374	458.084915	2.0543	-2.16	11	8	306.59	0.44959	197.37	-0.32874	0.42424	0.28881	0.87051	1	33	11	0	11	2	4	4	18	13	6	4	3	1	0	1	3	0	0	3	0	1	0	0	0	0	0	0	0	0	1	Geroprotectors reported	C1[C@H]([C@H](OC2=CC(=CC(=C21)O)O)C3=CC(=C(C(=C3)O)O)O)OC(=O)C4=CC(=C(C(=C4)O)O)O
Erbstatin Analogue	179.174	179.058244	0.3231	-2.05	4	3	143.46	0.35341	69.56	-0.54615	0.69231	0.30796	0.63811	1	13	4	0	4	0	2	1	6	2	0	1	1	0	0	0	1	0	0	1	0	0	0	1	0	0	0	0	0	0	1	Geroprotectors reported	C1=CC(=C(C=C1O)/C=C/NC=O)O  
Ethidium Bromide	394.315	314.165722	-0.102	-5.526	3	2	242.58	0.13727	55.92	-2.3571	0.41667	0.19752	0.87805	2	24	3	0	3	0	2	4	20	2	2	4	3	1	0	0	4	0	0	3	0	0	1	0	2	0	2	1	0	0	1	Geroprotectors reported	CC[N+]1=C2C=C(C=CC2=C3C=CC(=CC3=C1C4=CC=CC=C4)N)N.[Br-]  
Ethosuximide	141.169	141.078979	0.3253	-1.426	3	1	109.41	0.34311	46.17	4.8883	0.6	0.34074	0.7167	1	10	3	0	3	1	1	1	0	5	0	1	0	1	1	1	0	0	0	0	1	1	0	1	0	0	0	0	0	0	1	Geroprotectors reported	CCC1(CC(=O)NC1=O)C  
Ethylene-Diamine-Tetra-Acetic Acid	292.243	292.090668	-6.1434	1.67	10	4	213.06	0.52408	155.68	-7.634	0.5	0.82716	0.56446	1	20	10	0	10	0	11	0	0	12	14	0	0	0	0	0	0	0	0	0	0	0	0	0	2	2	0	0	2	4	1	Geroprotectors reported	C(CN(CC(=O)O)CC(=O)O)N(CC(=O)O)CC(=O)O
Euk-134	416.742	328.142308	2.4426	-3.052	6	2	267.28	0.25898	83.64	1.7037	0.66667	0.45717	0.72049	3	24	6	0	6	0	7	2	12	8	12	2	2	0	0	0	2	0	0	2	0	0	0	0	0	0	0	0	2	0	1	Geroprotectors reported	 COC1=CC=CC(=C1[O-])C=NCCN=CC2=C(C(=CC=C2)OC)[O-].[Cl-].[Mn+3]  
Euk-8	356.69	268.121178	2.5826	-3.016	4	2	222.76	0.22096	65.18	1.8296	0.7	0.46633	0.60279	3	20	4	0	4	0	5	2	12	4	10	2	2	0	0	0	2	0	0	2	0	0	0	0	0	0	0	0	2	0	1	Geroprotectors reported	C1=CC=C(C(=C1)C=NCCN=CC2=CC=CC=C2[O-])[O-].[Cl-].[Mn+3]  
Everolimus	958.235	957.581359	6.4181	-6.634	15	3	754.43	0.22275	204.66	1.9808	0.36765	0.40657	0.96293	1	68	15	0	15	15	9	4	0	49	0	3	1	2	3	3	0	1	1	0	2	2	0	1	0	0	0	0	0	0	1	Geroprotectors reported	C[C@@H]1CC[C@H]2C[C@@H](/C(=C/C=C/C=C/[C@H](C[C@H](C(=O)[C@@H]([C@@H](/C(=C/[C@H](C(=O)C[C@H](OC(=O)[C@@H]3CCCCN3C(=O)C(=O)[C@@]1(O2)O)[C@H](C)C[C@@H]4CC[C@H]([C@@H](C4)OC)OCCO)C)/C)O)OC)C)C)/C)OC
Fasudil	291.374	291.104147	1.0944	-1.767	5	1	212.26	0.25704	70.68	3.0027	0.5	0.39572	0.78175	1	20	6	0	6	0	1	3	10	7	1	3	1	2	1	1	2	0	0	1	1	1	1	1	1	1	0	1	1	0	1	Geroprotectors reported	C1CNCCN(C1)S(=O)(=O)C2=CC=CC3=C2C=CN=C3  
Fenofibrate	360.836	360.112837	4.389	-5.538	4	0	275.89	0.16702	52.6	-2.3394	0.64	0.61318	0.71389	1	25	5	0	5	0	7	2	12	8	6	2	2	0	0	0	2	0	0	2	0	0	0	0	0	0	0	0	0	0	1	Geroprotectors reported	CC(C)OC(=O)C(C)(C)OC1=CC=C(C=C1)C(=O)C2=CC=C(C=C2)Cl
Ferulsinaic Acid	398.497	398.209325	4.8707	-4.852	5	1	311.31	0.1901	72.83	-2.3775	0.48276	0.45771	0.86391	1	29	5	0	5	4	7	3	6	15	1	3	2	1	1	2	1	1	1	1	0	1	0	0	0	0	0	0	0	1	1	Geroprotectors reported	C[C@H]1C[C@H]([C@@]([C@@H]1COC2=CC3=C(C=C2)C=CC(=O)O3)(C)CCC(=O)O)C=C(C)C  
Fisetin	286.238	286.04774	1.8359	-2.787	6	4	195.59	0.3857	107.22	-0.082832	0.52381	0.29798	0.83766	1	21	6	0	6	0	1	3	12	5	0	3	2	1	0	1	2	0	0	2	0	1	0	0	0	0	0	0	0	0	1	Geroprotectors reported	C1=CC(=C(C=C1C2=C(C(=O)C3=C(O2)C=C(C=C3)O)O)O)O
Fumarate	114.056	113.99531	-5.0708	-0.246	4	0	90.56	0.60336	80.26	-0.47043	0.75	0.57697	0.64864	1	8	4	0	4	0	2	0	0	2	4	0	0	0	0	0	0	0	0	0	0	0	0	0	0	0	0	0	0	0	1	Geroprotectors reported	C(=C/C(=O)[O-])\C(=O)[O-]
Gallic Acid	170.12	170.021525	0.1076	-0.741	5	4	116.41	0.56215	97.99	-1.8442	0.58333	0.29781	0.64864	1	12	5	0	5	0	1	1	6	4	3	1	1	0	0	0	1	0	0	1	0	0	0	0	0	0	0	0	0	1	1	Geroprotectors reported	C1=C(C=C(C(=C1O)O)O)C(=O)O
Genistein	270.239	270.052825	1.6272	-2.727	5	3	191.03	0.32634	86.99	-0.093853	0.6	0.29499	0.80083	1	20	5	0	5	0	1	3	12	4	2	3	2	1	0	1	2	0	0	2	0	1	0	0	0	0	0	0	0	0	1	Geroprotectors reported	C1=CC(=CC=C1C2=COC3=CC(=CC(=C3C2=O)O)O)O
Ggti-298	479.643	479.224262	4.0172	-7.258	6	3	375.98	0.25767	132.25	-2.0781	0.44118	0.49636	0.84479	1	34	7	0	7	2	11	3	16	12	1	3	3	0	0	0	3	0	0	3	0	0	0	1	2	1	1	0	1	0	1	Geroprotectors reported	CC(C)C[C@@H](C(=O)OC)NC(=O)C1=C(C=C(C=C1)NC[C@H](CS)N)C2=CC=CC3=CC=CC=C32
Glaucarubinone	494.535	494.2152	-0.1354	-2.812	10	4	323.58	0.37555	159.82	2.5476	0.37143	0.29729	1.1078	1	35	10	0	10	12	4	5	0	27	0	6	3	3	5	6	0	2	3	0	3	3	0	0	0	0	0	0	0	0	1	Geroprotectors reported	CC[C@@](C)(C(=O)O[C@@H]1[C@H]2[C@H]([C@H]([C@]3([C@H]4[C@@]2(CO3)[C@@H](C[C@@H]5[C@@]4([C@@H](C(=O)C=C5C)O)C)OC1=O)O)O)C)O
Glutathione	307.326	307.083807	-4.8991	-0.99	9	5	224.54	0.61976	197.62	-23.224	0.65	0.66166	0.61292	1	20	10	0	10	2	9	0	0	10	0	0	0	0	0	0	0	0	0	0	0	0	0	2	1	1	0	0	1	2	1	Geroprotectors reported	C(CC(=O)N[C@@H](CS)C(=O)NCC(=O)O)[C@@H](C(=O)O)N  
Glycerol	92.0935	92.047345	-1.4436	0.159	3	3	72.57	0.54155	60.69	-3.0756	0.83333	0.80023	0.69315	1	6	3	0	3	0	2	0	0	6	2	0	0	0	0	0	0	0	0	0	0	0	0	0	0	0	0	0	0	0	1	Geroprotectors reported	C(C(CO)O)O  
Guanabenz Acetate	291.137	230.0126	3.0853	-4.462	4	2	168.87	0.31717	76.76	1.5916	0.64286	0.3546	0.59188	2	14	6	0	6	0	2	1	6	0	4	1	1	0	0	0	1	0	0	1	0	0	0	0	0	0	0	0	1	0	1	Geroprotectors reported	CC(=O)O.C1=CC(=C(C(=C1)Cl)/C=N/N=C(N)N)Cl  
Guanfacine Hydrochloride	282.557	245.012266	1.5176	-3.743	4	2	175.62	0.31369	81.47	0.29663	0.6	0.62224	0.64597	2	15	6	0	6	0	2	1	6	1	4	1	1	0	0	0	1	0	0	1	0	0	0	0	0	0	0	0	1	0	1	Geroprotectors reported	C1=CC(=C(C(=C1)Cl)CC(=O)N=C(N)N)Cl.Cl
Ha-1004	293.35	293.094645	-0.3791	-2.45	7	3	214.19	0.43447	131.84	2.2716	0.6	0.48622	0.74577	1	20	8	0	8	0	4	2	10	3	2	2	1	1	0	0	2	0	0	1	0	0	1	1	0	0	0	1	1	0	1	Geroprotectors reported	C1=CC2=C(C=CN=C2)C(=C1)S(=O)(=O)NCCN=C(N)N  
Hexahydro-Sila-Difenidol Hydrochloride	331.574	331.233141	4.9222	-4.345	2	1	267.79	0.062176	23.47	-25.896	0.52174	0.49552	0.69646	1	23	3	0	2	1	6	3	6	16	6	3	2	1	2	2	1	1	1	1	1	1	0	0	1	1	0	0	1	0	1	Geroprotectors reported	C1CCC(CC1)[Si](CCCN2CCCCC2)(C3=CC=CC=C3)O
Ibuprofen	206.284	206.13068	3.0025	-2.895	2	1	172.9	0.15119	37.3	0.0805	0.66667	0.62095	0.56446	1	15	2	0	2	1	4	1	6	7	3	1	1	0	0	0	1	0	0	1	0	0	0	0	0	0	0	0	0	1	1	Geroprotectors reported	CC(C)CC1=CC=C(C=C1)C(C)C(=O)O  
Indirubin	262.267	262.074228	2.5427	-4.502	4	2	190.76	0.27071	65.45	1.8559	0.5	0.27995	0.87651	1	20	4	0	4	0	1	4	15	1	0	4	2	2	0	1	3	0	0	2	0	1	1	0	0	0	0	1	0	0	1	Geroprotectors reported	C1=CC=C2C(=C1)C(=C(N2)O)C3=NC4=CC=CC=C4C3=O
Juglone	174.155	174.031695	1.0937	-2.546	3	1	128.11	0.30583	54.37	0.2862	0.46154	0.1338	0.7473	1	13	3	0	3	0	0	2	6	1	0	2	2	0	0	1	1	0	1	1	0	0	0	0	0	0	0	0	0	0	1	Geroprotectors reported	C1=CC2=C(C(=O)C=CC2=O)C(=C1)O
Kaempferol	286.238	286.04774	1.8359	-2.787	6	4	195.59	0.3857	107.22	-0.082832	0.52381	0.27571	0.83562	1	21	6	0	6	0	1	3	12	5	2	3	2	1	0	1	2	0	0	2	0	1	0	0	0	0	0	0	0	0	1	Geroprotectors reported	C1=CC(=CC=C1C2=C(C(=O)C3=C(C=C(C=C3O2)O)O)O)O
Kanamycin	484.501	484.238061	-7.4739	0.141	15	11	320.31	0.60185	282.61	2.6543	0.45455	0.29418	0.93298	1	33	15	0	15	15	6	3	0	33	0	3	1	2	3	3	0	1	1	0	2	2	0	0	4	4	0	0	4	0	1	Geroprotectors reported	C1[C@H]([C@@H]([C@H]([C@@H]([C@H]1N)O[C@@H]2[C@@H]([C@H]([C@@H]([C@H](O2)CN)O)O)O)O)O[C@@H]3[C@@H]([C@H]([C@@H]([C@H](O3)CO)O)N)O)N  
Kenpaullone	327.18	326.005474	3.2837	-5.144	3	2	205.29	0.18749	44.89	0.10819	0.5	0.060004	0.89932	1	20	4	0	4	0	0	4	15	1	0	4	2	2	0	1	3	0	0	2	0	1	1	1	0	0	0	1	0	0	1	Geroprotectors reported	C1C2=C(C3=CC=CC=C3NC1=O)NC4=C2C=C(C=C4)Br  
Ketanserin Tartrate	545.518	395.16452	2.5214	-4.31	6	1	292.74	0.19703	69.72	6.3764	0.62069	0.47254	0.8218	2	29	7	0	7	0	5	4	12	8	4	4	2	2	1	2	2	0	0	2	1	2	0	2	1	1	0	0	1	0	1	Geroprotectors reported	C1CN(CCC1C(=O)C2=CC=C(C=C2)F)CCN3C(=O)C4=CC=CC=C4NC3=O.C(C(C(=O)O)O)(C(=O)O)O
Kinetin	215.215	215.08071	0.5841	-3.258	6	2	168.38	0.4304	79.63	0.62438	0.5625	0.38511	0.72942	1	16	6	0	6	0	3	3	14	1	0	3	0	3	0	0	3	0	0	0	0	0	3	0	1	0	1	4	1	0	1	Geroprotectors reported	 C1=COC(=C1)CNC2=NC=NC3=C2NC=N3  
Kn-93	501.045	500.153655	3.6817	-4.96	6	1	379.79	0.15477	78.46	5.9946	0.58824	0.57297	0.83685	1	34	8	0	8	0	10	3	18	10	5	3	3	0	0	0	3	0	0	3	0	0	0	1	1	1	0	0	1	0	1	Geroprotectors reported	CN(C/C=C/C1=CC=C(C=C1)Cl)CC2=CC=CC=C2N(CCO)S(=O)(=O)C3=CC=C(C=C3)OC
L-744,832	559.79	559.274977	1.0643	-4.399	9	3	437.26	0.30979	184	-2.4716	0.43243	0.62774	0.77749	1	37	11	0	11	5	19	1	6	24	4	1	1	0	0	0	1	0	0	1	0	0	0	1	2	2	0	0	2	0	1	Geroprotectors reported	CC[C@H](C)[C@@H](COC(CC1=CC=CC=C1)C(=O)N[C@@H](CCS(=O)(=O)C)C(=O)OC(C)C)NC[C@H](CS)N
L-Theanine	174.199	174.100443	-2.9986	-0.713	5	3	141.37	0.46622	92.42	-15.847	0.75	0.64477	0.55452	1	12	5	0	5	1	5	0	0	7	0	0	0	0	0	0	0	0	0	0	0	0	0	1	1	1	0	0	1	1	1	Geroprotectors reported	CCNC(=O)CC[C@@H](C(=O)O)N
Lamotrigine	256.096	255.007849	1.596	-4.359	5	2	177.18	0.35811	90.71	-1.6419	0.5625	0.38528	0.77933	1	16	7	0	7	0	1	2	12	0	0	2	1	1	0	0	2	0	0	1	0	0	1	0	2	0	2	3	0	0	1	Geroprotectors reported	C1=CC(=C(C(=C1)Cl)Cl)C2=C(N=C(N=N2)N)N  
Lfm-A13	360.005	357.89525	3.1556	-4.141	4	2	202.97	0.25206	73.12	-3.8555	0.52941	0.45631	0.69315	1	17	6	0	6	0	2	1	6	2	0	1	1	0	0	0	1	0	0	1	0	0	0	1	0	0	0	0	0	0	1	Geroprotectors reported	C/C(=C(\C#N)/C(=O)NC1=C(C=CC(=C1)Br)Br)/O  
Lithocholic Acid	376.579	376.297745	4.8836	-5.278	3	2	286.41	0.13701	57.53	-0.41453	0.55556	0.28323	0.91456	1	27	3	0	3	9	4	4	0	25	0	4	4	0	4	4	0	4	4	0	0	0	0	0	0	0	0	0	0	1	1	Geroprotectors reported	C[C@H](CCC(=O)O)[C@H]1CC[C@@H]2[C@@]1(CC[C@H]3[C@H]2CC[C@H]4[C@@]3(CC[C@H](C4)O)C)C  
Lonidamine	321.162	320.011932	3.1474	-4.183	4	1	224.28	0.19609	55.12	3.1787	0.52381	0.44053	0.83726	1	21	6	0	6	0	3	3	15	2	0	3	2	1	0	0	3	0	0	2	0	0	1	0	0	0	0	2	0	1	1	Geroprotectors reported	C1=CC=C2C(=C1)C(=NN2CC3=C(C=C(C=C3)Cl)Cl)C(=O)O
Loratadine	382.89	382.144805	4.9774	-4.776	4	0	289.75	0.12963	42.43	-4.251	0.51852	0.21881	0.92918	1	27	5	0	5	0	2	4	12	9	2	4	2	2	1	2	2	0	1	1	1	1	1	1	0	0	0	1	0	0	1	Geroprotectors reported	CCOC(=O)N1CCC(=C2C3=C(CCC4=C2N=CC=C4)C=C(C=C3)Cl)CC1
Loxapine Succinate	445.902	327.113839	3.5564	-3.993	4	0	242.31	0.11807	28.07	7.1637	0.47826	0.25491	0.84556	2	23	5	0	5	0	0	4	12	7	2	4	2	2	1	2	2	0	0	2	1	2	0	0	1	1	0	0	2	0	1	Geroprotectors reported	CN1CCN(CC1)C2=NC3=CC=CC=C3OC4=C2C=C(C=C4)Cl.C(CC(=O)O)C(=O)O
Ly-367,265	452.553	452.168224	3.0638	-5.63	6	1	317.31	0.16772	68.03	3.0557	0.53125	0.43419	0.94303	1	32	8	0	8	0	4	6	15	10	1	6	2	4	1	3	3	0	0	2	1	3	1	2	1	1	0	1	1	0	1	Geroprotectors reported	C1CC2=C3C(=CC=C2)N(S(=O)(=O)N3C1)CCN4CCC(=CC4)C5=CNC6=C5C=CC(=C6)F
Ly294002	307.348	307.120844	3.4476	-5.432	4	0	233.82	0.15649	38.77	2.0905	0.52174	0.3062	0.84206	1	23	4	0	4	0	2	4	12	6	4	4	2	2	1	2	2	0	0	2	1	2	0	0	0	0	0	0	0	0	1	Geroprotectors reported	C1COCCN1C2=CC(=O)C3=C(O2)C(=CC=C3)C4=CC=CC=C4
Malate	134.087	134.021525	-1.6884	-0.075	5	3	94.31	0.69325	94.83	0.70851	0.66667	0.75112	0.62123	1	9	5	0	5	1	3	0	0	5	0	0	0	0	0	0	0	0	0	0	0	0	0	0	0	0	0	0	0	2	1	Geroprotectors reported	C(C(C(=O)O)O)C(=O)O
Maltose	342.296	342.116215	-4.4579	0.551	11	8	219.82	0.61323	189.53	-7.6104	0.47826	0.33338	0.8486	1	23	11	0	11	10	4	2	0	23	0	2	0	2	2	2	0	0	0	0	2	2	0	0	0	0	0	0	0	0	1	Geroprotectors reported	C([C@@H]1[C@H]([C@@H]([C@H]([C@H](O1)O[C@@H]2[C@H](O[C@H]([C@@H]([C@H]2O)O)O)CO)O)O)O)O  
Melatonin	232.282	232.121178	1.4722	-2.429	4	2	188.68	0.257	54.12	2.8914	0.64706	0.45862	0.73864	1	17	4	0	4	0	4	2	9	5	0	2	1	1	0	0	2	0	0	1	0	0	1	1	0	0	0	1	0	0	1	Geroprotectors reported	CC(=O)NCCC1=CNC2=C1C=C(C=C2)OC
Metergoline	403.524	403.225977	3.9608	-4.176	5	1	310.15	0.14483	46.5	-7.3817	0.56667	0.3865	0.9393	1	30	5	0	5	3	5	5	15	12	2	5	3	2	1	2	3	0	1	2	1	1	1	1	1	1	0	1	1	0	1	Geroprotectors reported	CN1C[C@@H](C[C@H]2[C@H]1CC3=CN(C4=CC=CC2=C34)C)CNC(=O)OCC5=CC=CC=C5
Metformin	129.166	129.101445	-1.5398	-0.133	5	3	108.64	0.56333	91.49	1.2053	0.66667	0.48059	0.57565	1	9	5	0	5	0	0	0	0	2	2	0	0	0	0	0	0	0	0	0	0	0	0	0	0	0	0	0	2	0	1	Geroprotectors reported	CN(C)C(=N)N=C(N)N
Methionine Sulfoximine	180.227	180.056863	-3.3344	-0.69	5	3	129.54	0.56006	112.62	-14.296	0.63636	0.75843	0.56664	1	11	6	0	6	2	4	0	0	7	0	0	0	0	0	0	0	0	0	0	0	0	0	0	1	1	0	0	1	1	1	Geroprotectors reported	CS(=N)(=O)CCC(C(=O)O)N  
Methiothepin	356.557	356.138088	4.4246	-3.453	2	0	267.42	0.15736	57.08	7.8118	0.45833	0.26501	0.84008	1	24	4	0	4	1	2	4	12	12	2	4	2	2	1	2	2	0	0	2	1	2	0	0	2	2	0	0	2	0	1	Geroprotectors reported	CN1CCN(CC1)C2CC3=CC=CC=C3SC4=C2C=C(C=C4)SC
Methylergonovine Maleate	455.509	339.194677	1.3291	-2.512	5	3	258.06	0.21367	68.36	8.0208	0.48	0.2511	0.93789	2	25	5	0	5	3	4	4	9	11	0	4	2	2	0	2	2	0	1	1	0	1	1	1	1	1	0	1	1	0	1	Geroprotectors reported	CC[C@@H](CO)NC(=O)[C@H]1CN([C@@H]2CC3=CNC4=CC=CC(=C34)C2=C1)C.C(=C\C(=O)O)\C(=O)O
Metoprolol	267.368	267.183444	1.4818	-2.092	4	2	227.89	0.19553	50.72	6.6921	0.78947	0.64491	0.54381	1	19	4	0	4	1	9	1	6	13	3	1	1	0	0	0	1	0	0	1	0	0	0	0	1	1	0	0	1	0	1	Geroprotectors reported	CC(C)NCC(COC1=CC=C(C=C1)CCOC)O
Mianserin	264.371	264.162648	3.3133	-2.94	2	0	206.42	0.034396	6.48	5.5031	0.45	0.12367	0.84087	1	20	2	0	2	1	0	4	12	8	0	4	2	2	1	2	2	0	0	2	1	2	0	0	2	1	1	0	1	0	1	Geroprotectors reported	CN1CCN2C(C1)C3=CC=CC=C3CC4=CC=CC=C42
Minocycline	457.481	457.184902	-1.0304	-1.435	10	5	310.84	0.36639	164.63	4.9434	0.39394	0.28904	1.0523	1	33	10	0	10	4	3	4	6	16	2	4	4	0	1	3	1	1	3	1	0	0	0	1	2	1	1	0	1	0	1	Geroprotectors reported	CN(C)[C@H]1[C@@H]2C[C@@H]3CC4=C(C=CC(=C4C(=C3C(=O)[C@@]2(C(=C(C1=O)C(=O)N)O)O)O)O)N(C)C
Morphine	285.342	285.136494	1.2567	-2.547	4	2	192.71	0.20627	52.93	5.0881	0.42857	0.12658	1.0331	1	21	4	0	4	5	0	5	6	13	0	5	3	2	2	4	1	0	2	1	2	2	0	0	1	1	0	0	1	0	1	Geroprotectors reported	CN1CC[C@]23[C@@H]4[C@H]1CC5=C2C(=C(C=C5)O)O[C@H]3[C@H](C=C4)O
Myricetin	318.236	318.03757	1.1445	-2.195	8	6	208.29	0.48797	147.68	-0.082832	0.47826	0.3008	0.85557	1	23	8	0	8	0	1	3	12	7	3	3	2	1	0	1	2	0	0	2	0	1	0	0	0	0	0	0	0	0	1	Geroprotectors reported	 C1=C(C=C(C(=C1O)O)O)C2=C(C(=O)C3=C(C=C(C=C3O2)O)O)O
Myxothiazol	487.687	487.196332	5.3302	-3.873	6	1	396.46	0.2799	143.81	3.8068	0.63636	0.50426	0.80599	1	33	8	0	8	3	12	2	10	12	1	2	0	2	0	0	2	0	0	0	0	0	2	1	0	0	0	2	0	0	1	Geroprotectors reported	C[C@@H](/C=C/C=C/C(C)C)C1=NC(=CS1)C2=NC(=CS2)/C=C/[C@@H]([C@@H](C)/C(=C\C(=O)N)/OC)OC  
N-(2-[4-(4-Chlorophenyl)Piperazin-1-Yl]Ethyl)-3-Methoxybenzamide	373.883	373.155704	2.9078	-3.212	5	1	289.57	0.14366	44.81	6.7032	0.69231	0.56059	0.69969	1	26	6	0	6	0	6	3	12	9	4	3	2	1	1	1	2	0	0	2	1	1	0	1	2	1	1	0	1	0	1	Geroprotectors reported	 COC1=CC=CC(=C1)C(=O)NCCN2CCN(CC2)C3=CC=C(C=C3)Cl
N-acetyl-L-cysteine	163.196	163.030314	-0.9233	-1.261	4	2	121.19	0.60442	105.2	-13.049	0.6	0.65377	0.69315	1	10	5	0	5	1	3	0	0	5	0	0	0	0	0	0	0	0	0	0	0	0	0	1	0	0	0	0	0	1	1	Geroprotectors reported	 CC(=O)N[C@@H](CS)C(=O)O
N-Nitrosodimethylamine	74.0826	74.048013	-0.1376	0.198	3	0	66.12	0.42498	32.67	-1.303	0.8	0.67268	0.54931	1	5	3	0	3	0	0	0	0	2	1	0	0	0	0	0	0	0	0	0	0	0	0	0	0	0	0	0	0	0	1	Geroprotectors reported	CN(C)N=O
Naftopidil Dihydrochloride	465.419	392.209993	3.42	-3.966	5	1	308.39	0.13035	45.17	6.7593	0.58621	0.443	0.76856	3	29	5	0	5	1	7	4	16	13	2	4	3	1	1	1	3	0	0	3	1	1	0	0	2	1	1	0	1	0	1	Geroprotectors reported	COC1=CC=CC=C1N2CCN(CC2)CC(COC3=CC=CC4=CC=CC=C43)O.Cl.Cl  
Naphthazarin	190.154	190.02661	0.748	-2.25	4	2	134.46	0.38881	74.6	0.2862	0.42857	0.13288	0.79493	1	14	4	0	4	0	0	2	6	2	7	2	2	0	0	1	1	0	1	1	0	0	0	0	0	0	0	0	0	0	1	Geroprotectors reported	C1=CC(=C2C(=O)C=CC(=O)C2=C1O)O
Nebivolol	405.44	405.175165	2.6271	-4.433	5	3	295.44	0.19517	70.95	0.42835	0.65517	0.52237	0.83521	1	29	7	0	7	4	6	4	12	15	14	4	2	2	0	2	2	0	0	2	0	2	0	0	1	1	0	0	1	0	1	Geroprotectors reported	C1CC2=C(C=CC(=C2)F)OC1C(CNCC(C3CCC4=C(O3)C=CC(=C4)F)O)O
Nicardipine Hydrochloride	515.992	479.205637	2.672	-3.978	9	1	369.11	0.24792	113.69	2.2831	0.48571	0.52744	0.87338	2	35	9	0	9	1	11	3	12	12	2	3	2	1	0	1	2	0	0	2	0	1	0	0	1	1	0	0	1	0	1	Geroprotectors reported	CC1=C(C(C(=C(N1)C)C(=O)OCCN(C)CC2=CC=CC=C2)C3=CC(=CC=C3)[N+](=O)[O-])C(=O)OC.Cl  
Nicotinamide Adenine Dinucleotide	663.428	663.109127	-12.767	-1.013	21	7	422.53	0.59153	340.71	-45.257	0.52273	0.5963	0.96157	1	44	23	0	23	10	11	5	15	23	0	5	0	5	2	2	3	0	0	0	2	2	3	1	1	0	1	5	1	1	1	Geroprotectors reported	C1=CC(=C[N+](=C1)[C@H]2[C@@H]([C@@H]([C@H](O2)COP(=O)([O-])OP(=O)(O)OC[C@@H]3[C@H]([C@H]([C@@H](O3)N4C=NC5=C(N=CN=C54)N)O)O)O)O)C(=O)N
Nitrendipine	360.365	360.132138	1.9604	-3.532	8	1	271.53	0.32394	110.45	-4.5286	0.42308	0.4648	0.86187	1	26	8	0	8	1	7	2	6	9	0	2	1	1	0	1	1	0	0	1	0	1	0	0	0	0	0	0	0	0	1	Geroprotectors reported	CCOC(=O)C1=C(NC(=C(C1C2=CC(=CC=C2)[N+](=O)[O-])C(=O)OC)C)C
Nitroflurbiprofen	361.368	361.132552	3.8472	-5.758	6	0	280.59	0.22617	81.35	-7.3088	0.69231	0.56001	0.7473	1	26	7	0	7	1	10	2	12	9	2	2	2	0	0	0	2	0	0	2	0	0	0	0	0	0	0	0	0	0	1	Geroprotectors reported	CC(C1=CC(=C(C=C1)C2=CC=CC=C2)F)C(=O)OCCCCO[N+](=O)[O-]
Nordihydroguaiaretic Acid	302.369	302.15181	3.8236	-2.93	4	4	235.46	0.22254	80.92	-2.4175	0.63636	0.63466	0.70285	1	22	4	0	4	2	5	2	12	10	11	2	2	0	0	0	2	0	0	2	0	0	0	0	0	0	0	0	0	0	1	Geroprotectors reported	 CC(CC1=CC(=C(C=C1)O)O)C(C)CC2=CC(=C(C=C2)O)O
Nortriptyline Hydrochloride	299.844	263.167399	4.1391	-4.036	1	1	222.99	0.051392	12.03	0.60377	0.5	0.2729	0.808	2	20	1	0	1	0	3	3	12	6	7	3	3	0	0	1	2	0	1	2	0	0	0	0	1	1	0	0	1	0	1	Geroprotectors reported	 CNCCC=C1C2=CC=CC=C2CCC3=CC=CC=C31.Cl
Octoclothepin Maleate	460.981	344.111395	4.5534	-3.341	2	0	253.09	0.097159	31.78	7.788	0.47826	0.23435	0.84556	2	23	4	0	4	1	1	4	12	10	2	4	2	2	1	2	2	0	0	2	1	2	0	0	2	2	0	0	2	0	1	Geroprotectors reported	CN1CCN(CC1)C2CC3=CC=CC=C3SC4=C2C=C(C=C4)Cl.C(=C\C(=O)O)\C(=O)O
Oleoylethanolamide	325.535	325.298079	6.1524	-4.336	3	2	307.98	0.12209	49.33	-23.448	0.95652	0.6038	0.42796	1	23	3	0	3	0	17	0	0	18	0	0	0	0	0	0	0	0	0	0	0	0	0	1	0	0	0	0	0	0	1	Geroprotectors reported	CCCCCCCC/C=C\CCCCCCCC(=O)NCCO
Oxaloacetic Acid	132.071	132.005875	-1.7196	-0.126	5	2	93.21	0.70078	91.67	-14.216	0.66667	0.73621	0.62123	1	9	5	0	5	0	3	0	0	3	0	0	0	0	0	0	0	0	0	0	0	0	0	0	0	0	0	0	0	2	1	Geroprotectors reported	C(C(=O)C(=O)O)C(=O)O
Oxatomide	426.562	426.241961	4.2761	-4.379	5	1	334.71	0.10502	38.82	8.9482	0.53125	0.40486	0.77117	1	32	5	0	5	0	7	5	18	10	10	5	3	2	1	2	3	0	0	3	1	2	0	2	2	2	0	0	2	0	1	Geroprotectors reported	C1CN(CCN1CCCN2C3=CC=CC=C3NC2=O)C(C4=CC=CC=C4)C5=CC=CC=C5  
Oxoline	188.138	188.01096	0.298	-2.374	4	0	130.76	0.3989	68.28	-5.7046	0.5	0.01862	0.75619	1	14	4	0	4	0	0	2	6	0	7	2	2	0	0	1	1	0	1	1	0	0	0	0	0	0	0	0	0	0	1	Geroprotectors reported	C1=CC=C2C(=C1)C(=O)C(=O)C(=O)C2=O
Papp	349.399	349.176581	3.4572	-3.51	3	1	260.66	0.085821	32.5	0.35122	0.64	0.51465	0.71581	1	25	6	0	6	0	5	3	12	8	6	3	2	1	1	1	2	0	0	2	1	1	0	0	3	1	2	0	1	0	1	Geroprotectors reported	C1CN(CCN1CCC2=CC=C(C=C2)N)C3=CC=CC(=C3)C(F)(F)F
Paraquat	186.257	186.115698	-6.5302	-1.438	2	0	152.14	0.036282	7.76	-2.515	0.71429	0.39049	0.58491	1	14	2	0	2	0	1	2	12	2	9	2	0	2	0	0	2	0	0	0	0	0	2	0	0	0	0	2	0	0	1	Geroprotectors reported	C[N+]1=CC=C(C=C1)C2=CC=[N+](C=C2)C
Pd-98059	267.283	267.089544	2.6255	-3.838	4	1	202.76	0.23826	61.55	0.54223	0.55	0.25945	0.81905	1	20	4	0	4	0	2	3	12	3	0	3	2	1	0	1	2	0	0	2	0	1	0	0	1	0	1	0	0	0	1	Geroprotectors reported	COC1=CC=CC(=C1N)C2=CC(=O)C3=CC=CC=C3O2  
Pergolide Methanesulfonate	410.601	314.181668	4.1329	-4.053	2	1	242.8	0.14428	44.33	4.1219	0.45455	0.28305	0.93004	2	22	3	0	3	3	4	4	9	13	0	4	2	2	1	2	2	0	1	1	1	1	1	0	1	1	0	1	1	0	1	Geroprotectors reported	CCCN1C[C@@H](C[C@H]2[C@H]1CC3=CNC4=CC=CC2=C34)CSC.CS(=O)(=O)O  
Phenformin	205.264	205.132745	0.2158	-2.89	5	3	172.28	0.39952	102.78	0.68939	0.73333	0.45841	0.44158	1	15	5	0	5	0	3	1	6	2	3	1	1	0	0	0	1	0	0	1	0	0	0	0	0	0	0	0	2	0	1	Geroprotectors reported	C1=CC=C(C=C1)CCN=C(N)N=C(N)N
Phosphonoformic Acid	126.004	125.971812	-3.6932	0.263	5	3	74.07	0.93641	104.64	-12.601	0.57143	0.77353	0.76753	1	7	6	0	6	0	1	0	0	4	1	0	0	0	0	0	0	0	0	0	0	0	0	0	0	0	0	0	0	3	1	Geroprotectors reported	C(=O)(O)P(=O)(O)O
Pioglitazone	356.445	356.119463	3.0808	-3.835	5	1	272.53	0.27887	93.59	3.9631	0.72	0.5076	0.70697	1	25	6	0	6	1	7	3	12	8	2	3	1	2	1	1	2	0	0	1	1	1	1	1	0	0	0	1	0	0	1	Geroprotectors reported	CCC1=CN=C(C=C1)CCOC2=CC=C(C=C2)CC3C(=O)NC(=O)S3
Polydatin	390.387	390.13147	0.8402	-2.75	8	6	280.38	0.35167	139.84	-4.3466	0.57143	0.37952	0.81243	1	28	8	0	8	5	5	3	12	14	2	3	2	1	1	1	2	0	0	2	1	1	0	0	0	0	0	0	0	0	1	Geroprotectors reported	 C1=CC(=CC=C1/C=C/C2=CC(=CC(=C2)O[C@H]3[C@@H]([C@H]([C@@H]([C@H](O3)CO)O)O)O)O)O
Pp2	301.78	301.109422	2.6556	-5.741	5	1	224.23	0.24551	69.62	1.5254	0.47619	0.35269	0.85194	1	21	6	0	6	0	2	3	15	4	4	3	1	2	0	0	3	0	0	1	0	0	2	0	1	0	1	4	0	0	1	Geroprotectors reported	CC(C)(C)N1C2=NC=NC(=C2C(=N1)C3=CC=C(C=C3)Cl)N
Promethazine Hydrochloride	320.887	284.134718	3.9058	-4.173	2	0	220.65	0.11144	31.78	6.0737	0.45	0.34377	0.8153	2	20	3	0	3	1	3	3	12	8	7	3	2	1	0	1	2	0	0	2	0	1	0	0	2	1	1	0	1	0	1	Geroprotectors reported	CC(CN1C2=CC=CC=C2SC3=CC=CC=C31)N(C)C.Cl  
Propionylpromazine Hydrochloride	376.951	340.160933	4.3265	-5.019	3	0	267.18	0.14084	48.85	5.8728	0.5	0.38369	0.84127	2	24	4	0	4	0	6	3	12	10	1	3	2	1	0	1	2	0	0	2	0	1	0	0	2	1	1	0	1	0	1	Geroprotectors reported	CCC(=O)C1=CC2=C(C=C1)SC3=CC=CC=C3N2CCCN(C)C.Cl
Psora-4	334.37	334.12051	4.636	-5.522	4	0	263.1	0.17921	48.67	-9.2706	0.6	0.44238	0.85157	1	25	4	0	4	0	6	4	15	6	2	4	2	2	0	1	3	0	0	2	0	1	1	0	0	0	0	0	0	0	1	Geroprotectors reported	C1=CC=C(C=C1)CCCCOC2=C3C=CC(=O)OC3=CC4=C2C=CO4
Pyrrolidine Dithiocarbamate	147.265	147.017639	1.3655	-2.216	1	0	113.91	0.47546	74.13	-0.70513	0.625	0.3874	0.59947	1	8	3	0	3	0	0	1	0	6	2	1	0	1	1	1	0	0	0	0	1	1	0	0	0	0	0	0	0	0	1	Geroprotectors reported	C1CCN(C1)C(=S)S
Quercetin	302.237	302.042655	1.4902	-2.491	7	5	201.94	0.43845	127.45	-0.082832	0.5	0.28915	0.85194	1	22	7	0	7	0	1	3	12	6	0	3	2	1	0	1	2	0	0	2	0	1	0	0	0	0	0	0	0	0	1	Geroprotectors reported	C1=CC(=C(C=C1C2=C(C(=O)C3=C(C=C(C=C3O2)O)O)O)O)O
Quinidine Sulfate	746.923	324.183778	2.6104	-3.097	4	1	248.11	0.15163	45.59	1.0933	0.54167	0.32926	0.88521	3	24	4	0	4	5	4	4	10	12	0	5	1	4	3	3	2	0	0	1	3	3	1	0	1	1	0	1	1	0	1	Geroprotectors reported	COC1=CC2=C(C=CN=C2C=C1)[C@@H]([C@H]3C[C@@H]4CCN3C[C@@H]4C=C)O.COC1=CC2=C(C=CN=C2C=C1)[C@@H]([C@H]3C[C@@H]4CCN3C[C@@H]4C=C)O.OS(=O)(=O)O
Rapamycin	914.182	913.555144	6.5106	-6.713	14	3	716.91	0.22046	195.43	2.3788	0.33846	0.39174	0.95654	1	65	14	0	14	15	6	4	0	46	0	3	1	2	3	3	0	1	1	0	2	2	0	1	0	0	0	0	0	0	1	Geroprotectors reported	C[C@@H]1CC[C@H]2C[C@@H](/C(=C/C=C/C=C/[C@H](C[C@H](C(=O)[C@@H]([C@@H](/C(=C/[C@H](C(=O)C[C@H](OC(=O)[C@@H]3CCCCN3C(=O)C(=O)[C@@]1(O2)O)[C@H](C)C[C@@H]4CC[C@H]([C@@H](C4)OC)O)C)/C)O)OC)C)C)/C)OC
Resveratrol	228.246	228.078645	2.8295	-2.864	3	3	178.57	0.22008	60.69	-1.6732	0.64706	0.39358	0.60693	1	17	3	0	3	0	2	2	12	3	5	2	2	0	0	0	2	0	0	2	0	0	0	0	0	0	0	0	0	0	1	Geroprotectors reported	C1=CC(=CC=C1/C=C/C2=CC(=CC(=C2)O)O)O
Rifampicin	822.95	822.405126	4.7129	-6.304	16	6	614.94	0.28408	220.15	10.525	0.37288	0.32645	1.0571	1	59	16	0	16	9	5	5	10	33	2	4	2	2	2	2	2	0	0	2	2	2	0	1	1	1	0	0	1	0	1	Geroprotectors reported	C[C@H]1/C=C/C=C(\C(=O)NC2=C(C(=C3C(=C2O)C(=C(C4=C3C(=O)[C@](O4)(O/C=C/[C@@H]([C@H]([C@H]([C@@H]([C@@H]([C@@H]([C@H]1O)C)O)C)OC(=O)C)C)OC)C)C)O)O)/C=N/N5CCN(CC5)C)/C  
Rosmarinic Acid	360.317	360.08452	1.4502	-2.231	8	5	263.03	0.38619	144.52	-3.8118	0.61538	0.45192	0.71292	1	26	8	0	8	1	7	2	12	8	0	2	2	0	0	0	2	0	0	2	0	0	0	0	0	0	0	0	0	1	1	Geroprotectors reported	C1=CC(=C(C=C1C[C@H](C(=O)O)OC(=O)/C=C/C2=CC(=C(C=C2)O)O)O)O
Santokvin	217.311	217.146664	2.5505	-2.964	2	1	179.14	0.11979	21.26	-0.021042	0.625	0.26352	0.76251	1	16	2	0	2	0	2	2	6	7	1	2	1	1	0	1	1	0	0	1	0	1	0	0	1	0	1	0	0	0	1	Geroprotectors reported	CCOC1=CC2=C(C=C1)NC(C=C2C)(C)C
SB203580	377.442	377.09981	3.5687	-5.242	4	1	280.96	0.20875	77.85	-0.19517	0.51852	0.37213	0.83016	1	27	6	0	6	1	4	4	23	2	6	4	2	2	0	0	4	0	0	2	0	0	2	0	0	0	0	3	1	0	1	Geroprotectors reported	 CS(=O)C1=CC=C(C=C1)C2=NC(=C(N2)C3=CC=NC=C3)C4=CC=C(C=C4)F
Simvastatin	418.572	418.271925	4.4608	-4.75	5	1	327.83	0.18052	72.83	0.66833	0.46667	0.42856	0.87651	1	30	5	0	5	7	7	3	0	22	1	3	2	1	1	3	0	0	2	0	1	1	0	0	0	0	0	0	0	0	1	Geroprotectors reported	CCC(C)(C)C(=O)O[C@H]1C[C@H](C=C2[C@H]1[C@H]([C@H](C=C2)C)CC[C@@H]3C[C@H](CC(=O)O3)O)C
Sodium Butyrate	110.088	88.05243	0.6097	-0.999	2	1	77.38	0.33781	37.3	-3.94	0.83333	0.72958	0.80472	2	6	2	0	2	0	2	0	0	4	0	0	0	0	0	0	0	0	0	0	0	0	0	0	0	0	0	0	0	1	1	Geroprotectors reported	CCCC(=O)[O-].[Na+]
Sp600125	220.231	220.063663	2.4774	-4.482	3	1	160.2	0.2372	45.75	1.371	0.47059	0.01189	0.88404	1	17	3	0	3	0	0	4	15	0	0	4	3	1	0	1	3	0	1	2	0	0	1	0	0	0	0	2	0	0	1	Geroprotectors reported	 C1=CC=C2C(=C1)C3=NNC4=CC=CC(=C43)C2=O
Spermidine	145.249	145.157897	-0.8753	-0.717	3	3	138.32	0.30364	64.07	-5.5	1	0.652	0.40236	1	10	3	0	3	0	7	0	0	10	0	0	0	0	0	0	0	0	0	0	0	0	0	0	3	3	0	0	3	0	1	Geroprotectors reported	C(CCNCCCN)CN
Srt1720	506.033	469.168478	2.6245	-2.956	8	2	351.12	0.28688	115.69	4.3964	0.55882	0.31772	0.89932	2	34	9	0	9	0	5	6	24	7	2	6	2	4	1	1	5	0	0	2	1	1	3	1	2	2	0	4	3	0	1	Geroprotectors reported	 C1CN(CCN1)CC2=CSC3=NC(=CN23)C4=CC=CC=C4NC(=O)C5=NC6=CC=CC=C6N=C5.Cl
Staurosporine	466.539	466.200491	4.4396	-6.769	7	2	322.44	0.21616	69.45	4.7259	0.31429	0.15344	1.1297	1	35	7	0	7	4	2	8	20	12	0	8	3	5	2	3	5	0	0	3	2	3	2	1	1	1	0	2	1	0	1	Geroprotectors reported	C[C@@]12[C@@H]([C@@H](C[C@@H](O1)N3C4=CC=CC=C4C5=C6C(=C7C8=CC=CC=C8N2C7=C53)CNC6=O)NC)OC
Su 4312	266.343	266.141913	2.7862	-3.546	3	1	209.81	0.13369	32.34	3.3397	0.6	0.4597	0.75474	1	20	3	0	3	1	3	3	12	4	3	3	2	1	0	1	2	0	0	2	0	1	0	1	1	0	1	0	0	0	1	Geroprotectors reported	CN(C)C1=CC=C(CC2C(=O)NC3=C2C=CC=C3)C=C1
Tannic Acid	1701.2	1700.17299	5.5312	-7.599	46	25	1120.1	0.507	777.98	-0.25527	0.2377	0.2409	1.0756	1	122	46	0	46	5	31	11	60	42	15	11	10	1	1	1	10	0	0	10	1	1	0	0	0	0	0	0	0	0	1	Geroprotectors reported	C1=C(C=C(C(=C1O)O)O)C(=O)OC2=CC(=CC(=C2O)O)C(=O)OC[C@@H]3[C@H]([C@@H]([C@H]([C@@H](O3)OC(=O)C4=CC(=C(C(=C4)OC(=O)C5=CC(=C(C(=C5)O)O)O)O)O)OC(=O)C6=CC(=C(C(=C6)OC(=O)C7=CC(=C(C(=C7)O)O)O)O)O)OC(=O)C8=CC(=C(C(=C8)OC(=O)C9=CC(=C(C(=C9)O)O)O)O)O)OC(=O)C1=CC(=C(C(=C1)OC(=O)C1=CC(=C(C(=C1)O)O)O)O)O  
Thioflavin T	318.871	283.126893	-0.1915	-3.22	2	0	220.2	0.12112	35.36	1.1892	0.6	0.35976	0.79493	2	20	3	0	3	0	2	3	15	4	3	3	2	1	0	0	3	0	0	2	0	0	1	0	1	0	1	1	0	0	1	Geroprotectors reported	CC1=CC2=C(C=C1)[N+](=C(S2)C3=CC=C(C=C3)N(C)C)C.[Cl-]  
Thioridazine Hydrochloride	407.044	370.153738	5.5295	-5.947	2	0	281.18	0.14966	57.08	3.6773	0.48	0.37526	0.84401	2	25	4	0	4	1	4	4	12	13	0	4	2	2	1	2	2	0	0	2	1	2	0	0	2	1	1	0	1	0	1	Geroprotectors reported	CN1CCCCC1CCN2C3=CC=CC=C3SC4=C2C=C(C=C4)SC.Cl  
Trametinib	615.398	615.077881	3.6356	-7.248	9	2	372.61	0.23008	102.06	4.601	0.43243	0.33157	1.0085	1	37	11	0	11	0	5	5	12	6	1	5	3	2	2	3	2	1	1	2	1	2	0	4	0	0	0	0	0	0	1	Geroprotectors reported	CC1=C2C(=C(N(C1=O)C)NC3=C(C=C(C=C3)I)F)C(=O)N(C(=O)N2C4=CC=CC(=C4)NC(=O)C)C5CC5  
Trehalose	342.296	342.116215	-4.4579	0.551	11	8	219.82	0.61323	189.53	-4.6793	0.47826	0.31367	0.84632	1	23	11	0	11	10	4	2	0	23	11	2	0	2	2	2	0	0	0	0	2	2	0	0	0	0	0	0	0	0	1	Geroprotectors reported	C([C@@H]1[C@H]([C@@H]([C@H]([C@H](O1)O[C@@H]2[C@@H]([C@H]([C@@H]([C@H](O2)CO)O)O)O)O)O)O)O  
Trequinsin Hydrochloride	441.957	405.205242	4.0065	-4.249	6	0	313.13	0.16495	54.37	3.1013	0.5	0.21838	0.92262	2	30	6	0	6	0	3	4	12	10	3	4	2	2	0	2	2	0	0	2	0	2	0	2	0	0	0	0	0	0	1	Geroprotectors reported	CC1=CC(=C(C(=C1)C)N=C2C=C3C4=CC(=C(C=C4CCN3C(=O)N2C)OC)OC)C.Cl
Trichostatin A	302.373	302.163043	2.2288	-3.264	5	2	249.62	0.21709	69.64	1.9952	0.68182	0.44892	0.64283	1	22	5	0	5	1	6	1	6	6	3	1	1	0	0	0	1	0	0	1	0	0	0	0	1	0	1	0	0	0	1	Geroprotectors reported	 C[C@H](/C=C(\C)/C=C/C(=O)NO)C(=O)C1=CC=C(C=C1)N(C)C
Trimethadione	143.141	143.058244	-0.0966	-1.019	4	0	102.99	0.38479	46.61	-8.2963	0.5	0	0.75224	1	10	4	0	4	0	0	1	0	5	1	1	0	1	1	1	0	0	0	0	1	1	0	1	0	0	0	0	0	0	1	Geroprotectors reported	 CC1(C(=O)N(C(=O)O1)C)C
Tyrosol	138.165	138.06808	1.1467	-1.316	2	2	113.48	0.23088	40.46	-4.1391	0.8	0.5068	0.58889	1	10	2	0	2	0	2	1	6	4	2	1	1	0	0	0	1	0	0	1	0	0	0	0	0	0	0	0	0	0	1	Geroprotectors reported	C1=CC(=CC=C1CCO)O
Tyrphostin 1	184.198	184.063663	1.7778	-2.962	3	0	163.65	0.22683	56.81	-9.0162	0.71429	0.43186	0.55002	1	14	3	0	3	0	2	1	6	2	4	1	1	0	0	0	1	0	0	1	0	0	0	0	0	0	0	0	0	0	1	Geroprotectors reported	COC1=CC=C(C=C1)C=C(C#N)C#N
Tyrphostin 9	282.386	282.173213	4.6659	-4.968	3	1	242.12	0.16612	67.81	-12.218	0.42857	0.50203	0.71485	1	21	3	0	3	0	3	1	6	9	10	1	1	0	0	0	1	0	0	1	0	0	0	0	0	0	0	0	0	0	1	Geroprotectors reported	CC(C)(C)C1=CC(=CC(=C1O)C(C)(C)C)C=C(C#N)C#N
Tyrphostin Ag 1295	234.301	234.115698	3.5352	-3.888	2	0	189.66	0.11568	25.78	-1.88	0.61111	0.23855	0.75474	1	18	2	0	2	0	1	3	16	2	2	3	2	1	0	0	3	0	0	2	0	0	1	0	0	0	0	2	0	0	1	Geroprotectors reported	 CC1=CC2=NC=C(N=C2C=C1C)C3=CC=CC=C3  
Tyrphostin Ag 1478	315.759	315.077454	3.7611	-4.988	5	1	236.54	0.22575	56.27	-0.8275	0.54545	0.24297	0.82973	1	22	6	0	6	0	4	3	16	4	0	3	2	1	0	0	3	0	0	2	0	0	1	0	1	0	1	2	0	0	1	Geroprotectors reported	COC1=C(C=C2C(=C1)C(=NC=N2)NC3=CC(=CC=C3)Cl)OC
Tyrphostin Ag 490	294.309	294.100443	2.0063	-2.994	5	3	235.11	0.27332	93.35	-1.2995	0.63636	0.51463	0.66071	1	22	5	0	5	0	4	2	12	3	2	2	2	0	0	0	2	0	0	2	0	0	0	1	0	0	0	0	0	0	1	Geroprotectors reported	 C1=CC=C(C=C1)CNC(=O)/C(=C/C2=CC(=C(C=C2)O)O)/C#N
Ursolic Acid	456.708	456.360345	6.0021	-6.111	3	2	337.87	0.11614	57.53	-3.658	0.39394	0.22704	1.0133	1	33	3	0	3	10	1	5	0	29	1	5	5	0	4	5	0	4	5	0	0	0	0	0	0	0	0	0	0	1	1	Geroprotectors reported	C[C@@H]1CC[C@@]2(CC[C@@]3(C(=CC[C@H]4[C@]3(CC[C@@H]5[C@@]4(CC[C@@H](C5(C)C)O)C)C)[C@@H]2[C@H]1C)C)C(=O)O  
Valproic Acid	144.213	144.11503	2.1912	-1.969	2	1	129.66	0.2016	37.3	-2.6221	0.7	0.76811	0.54931	1	10	2	0	2	0	5	0	0	8	3	0	0	0	0	0	0	0	0	0	0	0	0	0	0	0	0	0	0	1	1	Geroprotectors reported	CCCC(CCC)C(=O)O
Valpromide	143.229	143.131014	1.7934	-2.045	2	1	131.83	0.21475	43.09	0.63484	0.7	0.63207	0.54931	1	10	2	0	2	0	5	0	0	7	3	0	0	0	0	0	0	0	0	0	0	0	0	1	0	0	0	0	0	0	1	Geroprotectors reported	 CCCC(CCC)C(=O)N
Vincristine Sulfate	923.047	824.399646	2.9846	-5.53	14	3	586.05	0.24401	171.17	5.1845	0.28333	0.28075	1.1808	2	60	14	0	14	9	10	9	15	34	0	8	3	5	4	5	3	1	1	2	3	4	1	1	2	2	0	1	2	0	1	Geroprotectors reported	CC[C@@]1(C[C@@H]2C[C@@](C3=C(CCN(C2)C1)C4=CC=CC=C4N3)(C5=C(C=C6C(=C5)[C@]78CCN9[C@H]7[C@@](C=CC9)([C@H]([C@@]([C@@H]8N6C=O)(C(=O)OC)O)OC(=O)C)CC)OC)C(=O)OC)O.OS(=O)(=O)O
Vinpocetine	350.46	350.199428	4.1342	-3.701	4	0	263.07	0.12719	34.47	-0.26904	0.38462	0.26775	1.0223	1	26	4	0	4	2	4	5	9	13	0	5	1	4	1	3	2	0	0	1	1	3	1	0	1	1	0	1	1	0	1	Geroprotectors reported	CC[C@@]12CCCN3[C@@H]1C4=C(CC3)C5=CC=CC=C5N4C(=C2)C(=O)OCC
Vitamin B3	123.111	123.032029	0.1438	-0.834	3	1	96.12	0.38608	50.19	-1.5746	0.66667	0.36206	0.7083	1	9	3	0	3	0	1	1	6	1	0	1	0	1	0	0	1	0	0	0	0	0	1	0	0	0	0	1	0	1	1	Geroprotectors reported	C1=CC(=CN=C1)C(=O)O  
Vitamin B5	219.236	219.110674	-1.0166	-0.467	6	4	168.22	0.45678	106.86	-17.018	0.66667	0.76924	0.50791	1	15	6	0	6	1	6	0	0	10	1	0	0	0	0	0	0	0	0	0	0	0	0	1	0	0	0	0	0	1	1	Geroprotectors reported	CC(C)(CO)[C@H](C(=O)NCCC(=O)O)O
Vitamin D3	384.645	384.339215	7.6762	-5.995	1	1	324.83	0.040329	20.23	-4.8483	0.57143	0.32467	0.84401	1	28	1	0	1	5	6	3	0	22	1	3	3	0	3	3	0	3	3	0	0	0	0	0	0	0	0	0	0	0	1	Geroprotectors reported	 C[C@H](CCCC(C)C)[C@H]1CC[C@@H]\2[C@@]1(CCC/C2=C\C=C/3\C[C@H](CCC3=C)O)C
Wortmannin	428.436	428.14712	1.6247	-4.376	8	0	295.27	0.32604	109.11	0.96941	0.35484	0.23018	1.0851	1	31	8	0	8	5	4	5	5	16	0	5	3	2	2	4	1	1	3	0	1	1	1	0	0	0	0	0	0	0	1	Geroprotectors reported	CC(=O)O[C@@H]1C[C@]2([C@@H](CCC2=O)C3=C1[C@]4([C@H](OC(=O)C5=COC(=C54)C3=O)COC)C)C
?-Ketoglutarate	146.098	146.021525	-1.2652	-0.396	5	2	106.97	0.61064	91.67	-10.941	0.7	0.69767	0.62123	1	10	5	0	5	0	4	0	0	4	0	0	0	0	0	0	0	0	0	0	0	0	0	0	0	0	0	0	0	2	1	Geroprotectors reported	 C(CC(=O)O)C(=O)C(=O)O
?-Lipoic Acid	206.329	206.04352	2.6294	-2.855	2	1	154.14	0.39652	87.9	-9.4356	0.75	0.45864	0.4722	1	12	4	0	4	1	5	1	0	10	0	1	0	1	1	1	0	0	0	0	1	1	0	0	0	0	0	0	0	1	1	Geroprotectors reported	C1CSSC1CCCCC(=O)O  
