compound_name,molecule_chembl_id,warning_class,warning_type,Total Molweight,Monoisotopic Mass,cLogP,cLogS,H-Acceptors,H-Donors,Total Surface Area,Relative PSA,Polar Surface Area,Druglikeness,Shape Index,Molecular Flexibility,Molecular Complexity,Fragments,Non-H Atoms,Non-C/H Atoms,Metal-Atoms,Electronegative Atoms,Stereo Centers,Rotatable Bonds,Rings Closures,Aromatic Atoms,sp3-Atoms,Symmetric atoms,Small Rings,Carbo-Rings,Hetero-Rings,Saturated Rings,Non-Aromatic Rings,Aromatic Rings,Saturated Carbo-Rings,Non-Aromatic Carbo-Rings,Carbo-Aromatic Rings,Saturated Hetero-Rings,Non-Aromatic Hetero-Rings,Hetero-Aromatic Rings,Amides,Amines,Alkyl-Amines,Aromatic Amines,Aromatic Nitrogens,Basic Nitrogens,Acidic Oxygens,Geroprotectors,DataSet,canonical_smiles
BUFLOMEDIL,CHEMBL188921,neurotoxicity,Withdrawn,307.389,307.178359,2.3141,-2.703,5,0,250.91,0.18568,48,2.7412,0.59091,0.49148,0.71956,1,22,5,0,5,0,8,2,6,14,6,2,1,1,1,1,1,0,0,1,1,1,0,0,1,1,0,0,1,0,0,NoGeroprotectors,COc1cc(OC)c(C(=O)CCCN2CCCC2)c(OC)c1
DIAMTHAZOLE DIHYDROCHLORIDE,CHEMBL346235,neurotoxicity,Withdrawn,366.356,293.156182,2.8008,-2.66,4,0,237.24,0.20414,56.84,7.6658,0.65,0.54103,0.73284,3,20,5,0,5,0,7,2,9,10,3,2,1,1,0,0,2,0,0,1,0,0,1,0,2,1,1,1,2,0,0,NoGeroprotectors,CCN(CC)CCOc1ccc2nc(N(C)C)sc2c1.Cl.Cl
PHENYLPROPANOLAMINE HYDROCHLORIDE,CHEMBL1200695,neurotoxicity,Withdrawn,187.669,151.099714,0.3838,-1.518,2,2,125.39,0.22625,46.25,0.19006,0.63636,0.52957,0.6089,2,11,2,0,2,2,2,1,6,5,2,1,1,0,0,0,1,0,0,1,0,0,0,0,1,1,0,0,1,0,0,NoGeroprotectors,CC(N)C(O)c1ccccc1.Cl
SIBUTRAMINE HYDROCHLORIDE,CHEMBL3989830,neurotoxicity,Withdrawn,334.329,279.175376,4.2703,-4.069,1,0,224.97,0.01578,3.24,1.4302,0.52632,0.55795,0.73369,3,19,2,0,2,1,5,2,6,12,5,2,2,0,1,1,1,1,1,1,0,0,0,0,1,1,0,0,1,0,0,NoGeroprotectors,CC(C)CC(N(C)C)C1(c2ccc(Cl)cc2)CCC1.Cl.O
PERHEXILINE MALEATE,CHEMBL1334033,neurotoxicity,Withdrawn,393.566,277.276949,4.8845,-4.855,1,1,240.86,0.04758,12.03,-1.5441,0.5,0.47652,0.59852,2,20,1,0,1,1,4,3,0,20,8,3,2,1,3,3,0,2,2,0,1,1,0,0,1,1,0,0,1,0,0,NoGeroprotectors,C1CCC(C(CC2CCCCN2)C2CCCCC2)CC1.O=C(O)/C=C\C(=O)O
VERALIPRIDE,CHEMBL2105581,neurotoxicity,Withdrawn,383.468,383.151492,0.8068,-2.252,8,2,286.73,0.32051,119.34,4.435,0.5,0.53907,0.8467,1,26,9,0,9,1,8,2,6,12,1,2,1,1,1,1,1,0,0,1,1,1,0,2,1,1,0,0,1,0,0,NoGeroprotectors,C=CCN1CCCC1CNC(=O)c1cc(S(N)(=O)=O)cc(OC)c1OC
DIHYDROSTREPTOMYCIN SULFATE,CHEMBL3188576,neurotoxicity,Withdrawn,1461.42,583.281323,-7.9952,1.18,19,15,393.29,0.61258,334.59,4.1296,0.4,0.35155,0.98129,5,40,19,0,19,15,9,3,0,32,0,3,1,2,3,3,0,1,1,0,2,2,0,0,1,1,0,0,3,0,0,NoGeroprotectors,CN[C@@H]1[C@H](O[C@H]2[C@H](O[C@H]3[C@H](O)[C@@H](O)[C@H](NC(=N)N)[C@@H](O)[C@@H]3NC(=N)N)O[C@@H](C)[C@]2(O)CO)O[C@@H](CO)[C@H](O)[C@H]1O.CN[C@@H]1[C@H](O[C@H]2[C@H](O[C@H]3[C@H](O)[C@@H](O)[C@H](NC(=N)N)[C@@H](O)[C@@H]3NC(=N)N)O[C@@H](C)[C@]2(O)CO)O[C@@H](CO)[C@H](O)[C@H]1O.O=S(=O)(O)O.O=S(=O)(O)O.O=S(=O)(O)O
DIPYRONE,CHEMBL3989803,neurotoxicity,Withdrawn,351.358,311.093977,-2.8714,-1.142,7,1,216.8,0.30152,89.54,4.2295,0.52381,0.56267,0.84127,3,21,8,0,8,0,4,2,6,6,3,2,1,1,0,1,1,0,0,1,0,1,0,0,0,0,0,0,1,1,0,NoGeroprotectors,Cc1c(N(C)CS(=O)(=O)[O-])c(=O)n(-c2ccccc2)n1C.O.[Na+]
MUZOLIMINE,CHEMBL1697760,neurotoxicity,Withdrawn,272.134,271.027916,1.3507,-3.323,4,1,188.66,0.22988,58.69,3.3414,0.58824,0.38201,0.77245,1,17,6,0,6,1,2,2,6,3,0,2,1,1,0,1,1,0,0,1,0,1,0,0,0,0,0,0,0,0,0,NoGeroprotectors,CC(c1ccc(Cl)c(Cl)c1)N1N=C(N)CC1=O
PIFOXIME,CHEMBL1998966,neurotoxicity,Withdrawn,276.335,276.147393,2.5654,-3.054,5,1,221.95,0.23068,62.13,1.3704,0.7,0.52424,0.61095,1,20,5,0,5,0,4,2,6,9,4,2,1,1,1,1,1,0,0,1,1,1,0,1,0,0,0,0,0,0,0,NoGeroprotectors,C/C(=N\O)c1ccc(OCC(=O)N2CCCCC2)cc1
PIPERAZINE,CHEMBL1412,neurotoxicity,Withdrawn,86.1374,86.084398,-0.563,-0.1,2,2,77.96,0.294,24.06,0.77302,0.66667,0.23502,0.53648,1,6,2,0,2,0,0,1,0,6,4,1,0,1,1,1,0,0,0,0,1,1,0,0,2,2,0,0,2,0,0,NoGeroprotectors,C1CNCCN1
MEPROBAMATE,CHEMBL979,neurotoxicity,Withdrawn,218.252,218.126658,0.9953,-2.463,6,2,176.01,0.43532,104.64,-0.31695,0.6,0.69597,0.53731,1,15,6,0,6,0,8,0,0,9,5,0,0,0,0,0,0,0,0,0,0,0,0,2,0,0,0,0,0,0,0,NoGeroprotectors,CCCC(C)(COC(N)=O)COC(N)=O
ROFECOXIB,CHEMBL122,neurotoxicity,Withdrawn,314.36,314.06128,1.2168,-3.076,4,0,224.79,0.22964,68.82,4.3117,0.54545,0.45981,0.80548,1,22,5,0,5,0,3,3,12,4,5,3,2,1,0,1,2,0,0,2,0,1,0,0,0,0,0,0,0,0,0,NoGeroprotectors,CS(=O)(=O)c1ccc(C2=C(c3ccccc3)C(=O)OC2)cc1
PHENYLPROPANOLAMINE,CHEMBL61006,neurotoxicity,Withdrawn,151.208,151.099714,0.3838,-1.518,2,2,125.39,0.22625,46.25,0.19006,0.63636,0.52957,0.6089,1,11,2,0,2,2,2,1,6,5,2,1,1,0,0,0,1,0,0,1,0,0,0,0,1,1,0,0,1,0,0,NoGeroprotectors,CC(N)C(O)c1ccccc1
VINYL CHLORIDE,CHEMBL2311071,neurotoxicity,Withdrawn,62.4988,61.992327,0.9817,-1.498,0,0,53.46,0,0,-3.5951,1,0,0,1,3,1,0,1,0,0,0,0,0,0,0,0,0,0,0,0,0,0,0,0,0,0,0,0,0,0,0,0,0,0,NoGeroprotectors,C=CCl
VALDECOXIB,CHEMBL865,neurotoxicity,Withdrawn,314.364,314.072513,2.6412,-4.844,5,1,230.59,0.29893,94.57,2.0175,0.54545,0.45411,0.8075,1,22,6,0,6,0,3,3,17,2,5,3,2,1,0,0,3,0,0,2,0,0,1,1,0,0,0,1,0,0,0,NoGeroprotectors,Cc1onc(-c2ccccc2)c1-c1ccc(S(N)(=O)=O)cc1
CARISOPRODOL,CHEMBL1233,neurotoxicity,Withdrawn,260.333,260.173608,2.1124,-3.057,6,2,215.97,0.33713,90.65,-6.8496,0.61111,0.65589,0.58491,1,18,6,0,6,1,9,0,0,12,1,0,0,0,0,0,0,0,0,0,0,0,0,2,0,0,0,0,0,0,0,NoGeroprotectors,CCCC(C)(COC(N)=O)COC(=O)NC(C)C
BUTAMBEN,CHEMBL127516,neurotoxicity,Withdrawn,193.245,193.110279,2.2104,-2.673,3,1,163.07,0.23493,52.32,-6.1485,0.78571,0.46752,0.50377,1,14,3,0,3,0,5,1,6,5,2,1,1,0,0,0,1,0,0,1,0,0,0,0,1,0,1,0,0,0,0,NoGeroprotectors,CCCCOC(=O)c1ccc(N)cc1
LEVAMISOLE,CHEMBL1454,neurotoxicity,Withdrawn,204.296,204.072118,1.692,-2.271,2,0,150.8,0.21585,40.9,3.2982,0.64286,0.34263,0.68976,1,14,3,0,3,1,1,3,6,5,2,3,1,2,1,2,1,0,0,1,1,2,0,0,0,0,0,0,1,0,0,NoGeroprotectors,c1ccc([C@H]2CN3CCSC3=N2)cc1
MINAPRINE HYDROCHLORIDE,CHEMBL1364551,neurotoxicity,Withdrawn,371.311,298.179361,1.5911,-2.567,5,1,243.62,0.19272,50.28,2.4865,0.68182,0.44668,0.70898,3,22,5,0,5,0,5,3,12,9,4,3,1,2,1,1,2,0,0,1,1,1,1,0,2,1,1,2,1,0,0,NoGeroprotectors,Cc1cc(-c2ccccc2)nnc1NCCN1CCOCC1.Cl.Cl
TRIAZOLAM,CHEMBL646,neurotoxicity,Withdrawn,343.216,342.0439,3.2255,-6.632,4,0,245.83,0.16402,43.07,3.2065,0.43478,0.18345,0.90194,1,23,6,0,6,0,1,4,17,2,0,4,2,2,0,1,3,0,0,2,0,1,1,0,0,0,0,3,0,0,0,NoGeroprotectors,Cc1nnc2n1-c1ccc(Cl)cc1C(c1ccccc1Cl)=NC2
ZIMELDINE HYDROCHLORIDE,CHEMBL2355333,neurotoxicity,Withdrawn,408.166,316.057509,2.3167,-2.891,2,0,223.7,0.064908,16.13,0.7275,0.52632,0.50818,0.72141,4,19,3,0,3,0,4,2,12,4,3,2,1,1,0,0,2,0,0,1,0,0,1,0,1,1,0,1,1,0,0,NoGeroprotectors,CN(C)C/C=C(/c1ccc(Br)cc1)c1cccnc1.Cl.Cl.O
CLIOQUINOL,CHEMBL497,neurotoxicity,Withdrawn,305.498,304.910439,2.673,-3.778,2,1,154.67,0.15562,33.12,-0.64135,0.53846,0,0.74957,1,13,4,0,4,0,0,2,10,1,0,2,1,1,0,0,2,0,0,1,0,0,1,0,0,0,0,1,0,0,0,NoGeroprotectors,Oc1c(I)cc(Cl)c2cccnc12
BUTAMBEN PICRATE,CHEMBL3142541,neurotoxicity,Withdrawn,615.594,228.997102,-1.4509,-2.7,10,1,150.62,0.69287,157.69,-7.5665,0.4375,0.52477,0.74499,3,16,10,0,10,0,3,1,6,4,5,1,1,0,0,0,1,0,0,1,0,0,0,0,0,0,0,0,0,0,0,NoGeroprotectors,CCCCOC(=O)c1ccc(N)cc1.CCCCOC(=O)c1ccc(N)cc1.O=[N+]([O-])c1cc([N+](=O)[O-])c(O)c([N+](=O)[O-])c1
MINAPRINE,CHEMBL278819,neurotoxicity,Withdrawn,298.389,298.179361,1.5911,-2.567,5,1,243.62,0.19272,50.28,2.4865,0.68182,0.44668,0.70898,1,22,5,0,5,0,5,3,12,9,4,3,1,2,1,1,2,0,0,1,1,1,1,0,2,1,1,2,1,0,0,NoGeroprotectors,Cc1cc(-c2ccccc2)nnc1NCCN1CCOCC1
SIBUTRAMINE,CHEMBL1419,neurotoxicity,Withdrawn,279.853,279.175376,4.2703,-4.069,1,0,224.97,0.01578,3.24,1.4302,0.52632,0.55795,0.73369,1,19,2,0,2,1,5,2,6,12,5,2,2,0,1,1,1,1,1,1,0,0,0,0,1,1,0,0,1,0,0,NoGeroprotectors,CC(C)CC(N(C)C)C1(c2ccc(Cl)cc2)CCC1
TEGASEROD MALEATE,CHEMBL1516474,neurotoxicity,Withdrawn,417.464,301.19026,2.8267,-3.563,6,4,254.98,0.2903,85.29,-0.46519,0.72727,0.42069,0.75761,2,22,6,0,6,0,7,2,9,7,0,2,1,1,0,0,2,0,0,1,0,0,1,0,0,0,0,1,1,0,0,NoGeroprotectors,CCCCCNC(=N)N/N=C/c1c[nH]c2ccc(OC)cc12.O=C(O)/C=C\C(=O)O
ALMITRINE,CHEMBL1183717,neurotoxicity,Withdrawn,477.561,477.245249,4.8395,-5.756,7,2,375.92,0.1674,69.21,1.3656,0.48571,0.39817,0.81145,1,35,9,0,9,0,10,4,18,8,17,4,2,2,1,1,3,0,0,2,1,1,1,0,4,1,3,3,4,0,0,NoGeroprotectors,C=CCNc1nc(NCC=C)nc(N2CCN(C(c3ccc(F)cc3)c3ccc(F)cc3)CC2)n1
MEPAZINE ACETATE,CHEMBL1712842,neurotoxicity,Withdrawn,370.515,310.150368,4.5425,-4.611,2,0,237.67,0.10346,31.78,5.2505,0.45455,0.33985,0.82582,2,22,3,0,3,1,2,4,12,10,6,4,2,2,1,2,2,0,0,2,1,2,0,0,2,1,1,0,1,0,0,NoGeroprotectors,CC(=O)O.CN1CCCC(CN2c3ccccc3Sc3ccccc32)C1
FIPEXIDE,CHEMBL254857,neurotoxicity,Withdrawn,388.85,388.118985,3.1537,-3.378,6,0,286.11,0.17525,51.24,7.3967,0.66667,0.46497,0.74421,1,27,7,0,7,0,5,4,12,11,4,4,2,2,1,2,2,0,0,2,1,2,0,1,1,1,0,0,1,0,0,NoGeroprotectors,O=C(COc1ccc(Cl)cc1)N1CCN(Cc2ccc3c(c2)OCO3)CC1
ALATROFLOXACIN MESYLATE,CHEMBL1200498,hepatotoxicity,Withdrawn,654.621,558.183853,-1.6649,-6.317,11,4,378.97,0.32066,157.96,2.5181,0.5,0.4174,0.96969,2,40,14,0,14,5,7,5,12,12,0,6,2,4,3,4,2,1,1,1,2,3,1,2,2,1,1,1,2,1,0,NoGeroprotectors,CS(=O)(=O)O.C[C@H](N)C(=O)N[C@@H](C)C(=O)N[C@H]1[C@@H]2CN(c3nc4c(cc3F)c(=O)c(C(=O)O)cn4-c3ccc(F)cc3F)C[C@@H]21
BENZARONE,CHEMBL1474963,hepatotoxicity,Withdrawn,266.295,266.094295,3.709,-5.106,3,1,207.43,0.19404,50.44,0.62751,0.55,0.46373,0.81096,1,20,3,0,3,0,3,3,15,3,2,3,2,1,0,0,3,0,0,2,0,0,1,0,0,0,0,0,0,0,0,NoGeroprotectors,CCc1oc2ccccc2c1C(=O)c1ccc(O)cc1
BENZIODARONE,CHEMBL232201,hepatotoxicity,Withdrawn,518.079,517.887591,4.5832,-7.138,3,1,259.99,0.15481,50.44,1.227,0.5,0.48468,0.86954,1,22,5,0,5,0,3,3,15,3,3,3,2,1,0,0,3,0,0,2,0,0,1,0,0,0,0,0,0,0,0,NoGeroprotectors,CCc1oc2ccccc2c1C(=O)c1cc(I)c(O)c(I)c1
BROMFENAC SODIUM,CHEMBL3181947,hepatotoxicity,Withdrawn,766.345,333.000055,2.3207,-4.604,4,2,215.78,0.25234,80.39,-2.66,0.6,0.57657,0.76523,7,20,5,0,5,0,4,2,12,2,2,2,2,0,0,0,2,0,0,2,0,0,0,0,1,0,1,0,0,1,0,NoGeroprotectors,Nc1c(CC(=O)[O-])cccc1C(=O)c1ccc(Br)cc1.Nc1c(CC(=O)[O-])cccc1C(=O)c1ccc(Br)cc1.O.O.O.[Na+].[Na+]
ISAXONINE PHOSPHATE,CHEMBL1697751,hepatotoxicity,Withdrawn,235.179,137.095297,0.8785,-1.621,3,1,119.26,0.28006,37.81,0.80345,0.7,0.40509,0.55452,2,10,3,0,3,0,2,1,6,3,3,1,0,1,0,0,1,0,0,0,0,0,1,0,1,0,1,2,0,0,0,NoGeroprotectors,CC(C)Nc1ncccn1.O=P(O)(O)O
LUMIRACOXIB,CHEMBL404108,hepatotoxicity,Withdrawn,293.724,293.061884,3.7239,-4.566,3,2,216.37,0.17378,49.33,-2.0597,0.5,0.52068,0.75973,1,20,5,0,5,0,4,2,12,3,0,2,2,0,0,0,2,0,0,2,0,0,0,0,1,0,1,0,0,1,0,NoGeroprotectors,Cc1ccc(Nc2c(F)cccc2Cl)c(CC(=O)O)c1
MEBANAZINE,CHEMBL1909283,hepatotoxicity,Withdrawn,136.197,136.100048,0.1871,-1.924,2,2,118,0.22653,38.05,-2.8942,0.7,0.55732,0.55452,1,10,2,0,2,1,2,1,6,4,2,1,1,0,0,0,1,0,0,1,0,0,0,0,0,0,0,0,0,0,0,NoGeroprotectors,CC(NN)c1ccccc1
NOMIFENSINE MALEATE,CHEMBL1256842,hepatotoxicity,Withdrawn,354.405,238.146998,1.6448,-2.704,2,1,190.62,0.09873,29.26,4.3591,0.5,0.30217,0.77994,2,18,2,0,2,1,1,3,12,5,2,3,2,1,1,1,2,0,0,2,1,1,0,0,2,1,1,0,1,0,0,NoGeroprotectors,CN1Cc2c(N)cccc2C(c2ccccc2)C1.O=C(O)/C=C\C(=O)O
OXYPHENISATIN ACETATE,CHEMBL1402684,hepatotoxicity,Withdrawn,401.417,401.126324,3.3235,-4.79,6,1,298.92,0.23612,81.7,1.8314,0.5,0.39056,0.8227,1,30,6,0,6,0,6,4,18,5,12,4,3,1,0,1,3,0,0,3,0,1,0,1,0,0,0,0,0,0,0,NoGeroprotectors,CC(=O)Oc1ccc(C2(c3ccc(OC(C)=O)cc3)C(=O)Nc3ccccc32)cc1
METHOXYFLURANE,CHEMBL1341,hepatotoxicity,Withdrawn,164.966,163.960725,1.8198,-1.968,1,0,102.21,0.097838,9.23,-7.2092,0.625,0.79827,0.7993,1,8,5,0,5,0,2,0,0,4,2,0,0,0,0,0,0,0,0,0,0,0,0,0,0,0,0,0,0,0,0,NoGeroprotectors,COC(F)(F)C(Cl)Cl
SITAXENTAN SODIUM,CHEMBL2105740,hepatotoxicity,Withdrawn,476.892,454.006005,3.3593,-6.559,8,1,308.92,0.38366,144.35,4.5285,0.51724,0.44342,0.88047,2,29,11,0,11,0,5,4,16,7,1,4,1,3,1,1,3,0,0,1,1,1,2,1,0,0,0,1,0,0,0,NoGeroprotectors,Cc1cc2c(cc1CC(=O)c1sccc1S(=O)(=O)[N-]c1onc(C)c1Cl)OCO2.[Na+]
TEMAFLOXACIN HYDROCHLORIDE,CHEMBL2107495,hepatotoxicity,Withdrawn,453.847,417.130026,0.2867,-5.582,6,2,289.73,0.19929,72.88,4.027,0.43333,0.33496,0.93729,2,30,9,0,9,1,3,4,12,8,0,4,2,2,1,2,2,0,0,2,1,2,0,0,2,1,1,0,1,1,0,NoGeroprotectors,CC1CN(c2cc3c(cc2F)c(=O)c(C(=O)O)cn3-c2ccc(F)cc2F)CCN1.Cl
TOLCAPONE,CHEMBL1324,hepatotoxicity,Withdrawn,273.243,273.063724,1.5205,-3.928,6,2,199.4,0.34935,103.35,-6.2978,0.55,0.52909,0.78055,1,20,6,0,6,0,3,2,12,4,2,2,2,0,0,0,2,0,0,2,0,0,0,0,0,0,0,0,0,0,0,NoGeroprotectors,Cc1ccc(C(=O)c2cc(O)c(O)c([N+](=O)[O-])c2)cc1
TROGLITAZONE,CHEMBL408,hepatotoxicity,Withdrawn,441.546,441.160994,4.3852,-5.46,6,2,323.81,0.27217,110.16,4.0512,0.58065,0.4752,0.87179,1,31,7,0,7,2,5,4,12,14,2,4,2,2,1,2,2,0,0,2,1,2,0,1,0,0,0,0,0,0,0,NoGeroprotectors,Cc1c(C)c2c(c(C)c1O)CCC(C)(COc1ccc(CC3SC(=O)NC3=O)cc1)O2
TROVAFLOXACIN MESYLATE,CHEMBL1200779,hepatotoxicity,Withdrawn,512.464,416.109625,-0.5509,-6.027,7,2,271.03,0.26757,99.76,1.369,0.46667,0.30146,0.94592,2,30,10,0,10,3,3,5,12,8,0,6,2,4,3,4,2,1,1,1,2,3,1,0,2,1,1,1,2,1,0,NoGeroprotectors,CS(=O)(=O)O.N[C@@H]1[C@H]2CN(c3nc4c(cc3F)c(=O)c(C(=O)O)cn4-c3ccc(F)cc3F)C[C@@H]12
ULIPRISTAL ACETATE,CHEMBL260538,hepatotoxicity,Withdrawn,475.627,475.272259,5.0559,-5.294,5,0,356.38,0.14779,63.68,2.5076,0.37143,0.27126,1.0218,1,35,5,0,5,5,5,5,6,18,3,5,5,0,2,4,1,2,4,1,0,0,0,0,1,0,1,0,0,0,0,NoGeroprotectors,CC(=O)O[C@]1(C(C)=O)CC[C@H]2[C@@H]3CCC4=CC(=O)CCC4=C3[C@@H](c3ccc(N(C)C)cc3)C[C@@]21C
BENOXAPROFEN,CHEMBL340978,hepatotoxicity,Withdrawn,301.728,301.050571,3.8311,-5.688,4,1,220.35,0.23245,63.33,1.1606,0.61905,0.34969,0.79161,1,21,5,0,5,1,3,3,15,3,2,3,2,1,0,0,3,0,0,2,0,0,1,0,0,0,0,1,0,1,0,NoGeroprotectors,CC(C(=O)O)c1ccc2oc(-c3ccc(Cl)cc3)nc2c1
CLOMACRAN PHOSPHATE,CHEMBL2104136,hepatotoxicity,Withdrawn,398.826,300.139325,4.0153,-4.159,2,1,235,0.063872,15.27,2.834,0.47619,0.27582,0.83726,2,21,3,0,3,1,4,3,12,7,1,3,2,1,0,1,2,0,0,2,0,1,0,0,2,1,1,0,1,0,0,NoGeroprotectors,CN(C)CCCC1c2ccccc2Nc2ccc(Cl)cc21.O=P(O)(O)O
CLOMETACIN,CHEMBL13376,hepatotoxicity,Withdrawn,357.792,357.076786,2.8754,-4.506,5,1,262.37,0.21363,68.53,-2.4915,0.52,0.4544,0.9009,1,25,6,0,6,0,5,3,15,5,2,3,2,1,0,0,3,0,0,2,0,0,1,0,0,0,0,1,0,1,0,NoGeroprotectors,COc1ccc2c(C(=O)c3ccc(Cl)cc3)c(C)n(CC(=O)O)c2c1
EBROTIDINE,CHEMBL1742471,hepatotoxicity,Withdrawn,477.431,475.975845,1.3921,-4.959,8,3,309.93,0.45952,197.74,1.6328,0.73077,0.64303,0.68976,1,26,12,0,12,0,7,2,11,5,4,2,1,1,0,0,2,0,0,1,0,0,1,0,0,0,0,1,2,0,0,NoGeroprotectors,NC(N)=Nc1nc(CSCCN/C=N/S(=O)(=O)c2ccc(Br)cc2)cs1
FENCLOZIC ACID,CHEMBL1909282,hepatotoxicity,Withdrawn,253.709,252.996426,2.4579,-2.681,3,1,181,0.31751,78.43,2.4988,0.6875,0.49889,0.69426,1,16,5,0,5,0,3,2,11,2,2,2,1,1,0,0,2,0,0,1,0,0,1,0,0,0,0,1,0,1,0,NoGeroprotectors,O=C(O)Cc1csc(-c2ccc(Cl)cc2)n1
FLUPIRTINE,CHEMBL255044,hepatotoxicity,Withdrawn,304.324,304.133554,2.1633,-4.601,6,3,237.1,0.30451,89.27,-11.554,0.72727,0.47128,0.71581,1,22,7,0,7,0,6,2,12,4,2,2,1,1,0,0,2,0,0,1,0,0,1,1,2,0,2,1,1,0,0,NoGeroprotectors,CCOC(=O)Nc1ccc(NCc2ccc(F)cc2)nc1N
DILEVALOL HYDROCHLORIDE,CHEMBL1204165,hepatotoxicity,Withdrawn,364.871,328.178693,1.7795,-2.932,5,4,261.99,0.2518,95.58,6.1932,0.625,0.53942,0.72855,2,24,5,0,5,2,8,2,12,9,2,2,2,0,0,0,2,0,0,2,0,0,0,1,1,1,0,0,1,0,0,NoGeroprotectors,C[C@H](CCc1ccccc1)NC[C@H](O)c1ccc(O)c(C(N)=O)c1.Cl
NIMESULIDE,CHEMBL56367,hepatotoxicity,Withdrawn,308.313,308.046693,1.1823,-5.46,7,1,218.99,0.36741,109.6,-7.2946,0.47619,0.50537,0.74264,1,21,8,0,8,0,4,2,12,4,3,2,2,0,0,0,2,0,0,2,0,0,0,1,0,0,0,0,0,0,0,NoGeroprotectors,CS(=O)(=O)Nc1ccc([N+](=O)[O-])cc1Oc1ccccc1
NOVOBIOCIN SODIUM,CHEMBL3183453,hepatotoxicity,Withdrawn,634.612,612.231913,3.27,-5.272,13,5,443.66,0.3497,196.1,2.3974,0.5,0.32877,0.97351,2,44,13,0,13,4,9,4,12,20,2,4,2,2,1,2,2,0,0,2,1,2,0,2,0,0,0,0,0,0,0,NoGeroprotectors,CO[C@@H]1[C@@H](OC(N)=O)[C@@H](O)[C@H](Oc2ccc3c([O-])c(NC(=O)c4ccc(O)c(CC=C(C)C)c4)c(=O)oc3c2C)OC1(C)C.[Na+]
OXYPHENISATINE,CHEMBL245807,hepatotoxicity,Withdrawn,317.343,317.105194,2.6587,-3.598,4,3,231.6,0.21891,69.56,2.2242,0.45833,0.33418,0.80188,1,24,4,0,4,0,2,4,18,3,9,4,3,1,0,1,3,0,0,3,0,1,0,1,0,0,0,0,0,0,0,NoGeroprotectors,O=C1Nc2ccccc2C1(c1ccc(O)cc1)c1ccc(O)cc1
PEMOLINE,CHEMBL1177,hepatotoxicity,Withdrawn,176.175,176.058578,0.0526,-2.128,4,1,131.5,0.37886,64.68,1.5272,0.61538,0.38019,0.61868,1,13,4,0,4,1,1,2,6,2,2,2,1,1,0,1,1,0,0,1,0,1,0,0,0,0,0,0,1,0,0,NoGeroprotectors,NC1=NC(=O)C(c2ccccc2)O1
PIRPROFEN,CHEMBL188952,hepatotoxicity,Withdrawn,251.712,251.071306,2.3919,-3.192,3,1,188.36,0.15762,40.54,3.0528,0.58824,0.48247,0.71292,1,17,4,0,4,1,3,2,6,6,2,2,1,1,0,1,1,0,0,1,0,1,0,0,1,0,1,0,0,1,0,NoGeroprotectors,CC(C(=O)O)c1ccc(N2CC=CC2)c(Cl)c1
TICRYNAFEN,CHEMBL267744,hepatotoxicity,Withdrawn,331.175,329.952034,2.9282,-4.991,4,1,225.41,0.3085,91.84,2.3512,0.6,0.36212,0.80446,1,20,7,0,7,0,5,2,11,3,0,2,1,1,0,0,2,0,0,1,0,0,1,0,0,0,0,0,0,1,0,NoGeroprotectors,O=C(O)COc1ccc(C(=O)c2cccs2)c(Cl)c1Cl
TOLRESTAT,CHEMBL436,hepatotoxicity,Withdrawn,357.351,357.064648,3.1655,-3.366,4,1,252.71,0.26786,81.86,-8.0003,0.5,0.46287,0.8293,1,24,8,0,8,0,5,2,10,7,2,2,2,0,0,0,2,0,0,2,0,0,0,0,0,0,0,0,0,1,0,NoGeroprotectors,COc1ccc2c(C(=S)N(C)CC(=O)O)cccc2c1C(F)(F)F
CHLORMEZANONE,CHEMBL1200714,hepatotoxicity,Withdrawn,273.739,273.022641,1.1128,-2.05,4,0,184.09,0.24537,62.83,0.73005,0.52941,0.35958,0.78235,1,17,6,0,6,1,1,2,6,5,3,2,1,1,1,1,1,0,0,1,1,1,0,1,0,0,0,0,0,0,0,NoGeroprotectors,CN1C(=O)CCS(=O)(=O)C1c1ccc(Cl)cc1
ALPIDEM,CHEMBL54349,hepatotoxicity,Withdrawn,404.34,403.121816,5.0431,-6.919,4,0,309.24,0.11483,37.61,4.4691,0.48148,0.53987,0.86725,1,27,6,0,6,0,7,3,15,7,5,3,1,2,0,0,3,0,0,1,0,0,2,1,0,0,0,2,1,0,0,NoGeroprotectors,CCCN(CCC)C(=O)Cc1c(-c2ccc(Cl)cc2)nc2ccc(Cl)cn12
BENDAZAC,CHEMBL1089221,hepatotoxicity,Withdrawn,282.298,282.100443,1.8077,-2.992,5,1,217.2,0.24853,64.35,2.72,0.57143,0.38315,0.78648,1,21,5,0,5,0,5,3,15,4,2,3,2,1,0,0,3,0,0,2,0,0,1,0,0,0,0,2,0,1,0,NoGeroprotectors,O=C(O)COc1nn(Cc2ccccc2)c2ccccc12
CYCLOFENIL,CHEMBL141305,hepatotoxicity,Withdrawn,364.44,364.16746,4.3213,-5.349,4,0,291.26,0.15821,52.6,-6.1848,0.55556,0.44165,0.79924,1,27,4,0,4,0,6,3,12,9,14,3,3,0,1,1,2,1,1,2,0,0,0,0,0,0,0,0,0,0,0,NoGeroprotectors,CC(=O)Oc1ccc(C(=C2CCCCC2)c2ccc(OC(C)=O)cc2)cc1
EXIFONE,CHEMBL329522,hepatotoxicity,Withdrawn,278.215,278.042655,0.7154,-1.94,7,6,188.87,0.4852,138.45,-1.0702,0.55,0.52591,0.72323,1,20,7,0,7,0,2,2,12,6,3,2,2,0,0,0,2,0,0,2,0,0,0,0,0,0,0,0,0,0,0,NoGeroprotectors,O=C(c1cc(O)c(O)c(O)c1)c1ccc(O)c(O)c1O
KETOCONAZOLE,CHEMBL157101,hepatotoxicity,Withdrawn,531.438,530.14876,3.3639,-2.995,8,0,384.42,0.17684,69.06,8.14,0.55556,0.45571,0.86492,1,36,10,0,10,2,7,5,17,13,4,5,2,3,2,2,3,0,0,2,2,2,1,1,1,0,1,2,1,0,0,NoGeroprotectors,CC(=O)N1CCN(c2ccc(OCC3COC(Cn4ccnc4)(c4ccc(Cl)cc4Cl)O3)cc2)CC1
MEDIFOXAMINE,CHEMBL85231,hepatotoxicity,Withdrawn,257.332,257.141579,2.5271,-2.328,3,0,214.1,0.11,21.7,1.923,0.57895,0.41458,0.56169,1,19,3,0,3,0,6,2,12,7,10,2,2,0,0,0,2,0,0,2,0,0,0,0,1,1,0,0,1,0,0,NoGeroprotectors,CN(C)CC(Oc1ccccc1)Oc1ccccc1
NEFAZODONE HYDROCHLORIDE,CHEMBL1200492,hepatotoxicity,Withdrawn,506.476,469.224452,4.0888,-4.098,7,0,363.22,0.13422,51.62,9.8939,0.63636,0.5383,0.79048,2,33,8,0,8,0,10,4,12,13,4,4,2,2,1,2,2,0,0,2,1,2,0,1,2,1,1,0,1,0,0,NoGeroprotectors,CCc1nn(CCCN2CCN(c3cccc(Cl)c3)CC2)c(=O)n1CCOc1ccccc1.Cl
NITREFAZOLE,CHEMBL1909285,hepatotoxicity,Withdrawn,248.198,248.054556,0.0238,-4.793,8,0,180.58,0.43571,109.46,-4.2136,0.61111,0.48435,0.75619,1,18,8,0,8,0,3,2,11,3,2,2,1,1,0,0,2,0,0,1,0,0,1,0,0,0,0,2,0,0,0,NoGeroprotectors,Cc1nc([N+](=O)[O-])cn1-c1ccc([N+](=O)[O-])cc1
SITAXENTAN,CHEMBL282724,hepatotoxicity,Withdrawn,454.91,454.006005,3.3593,-6.559,8,1,308.92,0.38366,144.35,4.5285,0.51724,0.44342,0.88047,1,29,11,0,11,0,5,4,16,7,1,4,1,3,1,1,3,0,0,1,1,1,2,1,0,0,0,1,0,0,0,NoGeroprotectors,Cc1cc2c(cc1CC(=O)c1sccc1S(=O)(=O)Nc1onc(C)c1Cl)OCO2
SULOCTIDIL,CHEMBL404849,hepatotoxicity,Withdrawn,337.57,337.243934,5.2486,-4.63,2,2,291.42,0.14429,57.56,-12.571,0.78261,0.65488,0.64751,1,23,3,0,3,2,12,1,6,17,3,1,1,0,0,0,1,0,0,1,0,0,0,0,1,1,0,0,1,0,0,NoGeroprotectors,CCCCCCCCNC(C)C(O)c1ccc(SC(C)C)cc1
XENAZOIC ACID,CHEMBL1909289,hepatotoxicity,Withdrawn,375.423,375.147059,3.5373,-5.633,5,2,294.61,0.20583,75.63,-3.3036,0.60714,0.49158,0.7473,1,28,5,0,5,1,8,3,18,5,6,3,3,0,0,0,3,0,0,3,0,0,0,0,0,0,0,0,0,1,0,NoGeroprotectors,CCOC(Nc1ccc(C(=O)O)cc1)C(=O)c1ccc(-c2ccccc2)cc1
IBUFENAC,CHEMBL341812,hepatotoxicity,Withdrawn,192.257,192.11503,2.575,-2.527,2,1,161.9,0.16146,37.3,-1.5706,0.71429,0.66584,0.51193,1,14,2,0,2,0,4,1,6,6,3,1,1,0,0,0,1,0,0,1,0,0,0,0,0,0,0,0,0,1,0,NoGeroprotectors,CC(C)Cc1ccc(CC(=O)O)cc1
PHENACETIN,CHEMBL16073,hepatotoxicity,Withdrawn,179.218,179.094629,1.6996,-2.276,3,1,150.75,0.22886,38.33,-1.0225,0.76923,0.46547,0.56122,1,13,3,0,3,0,3,1,6,4,2,1,1,0,0,0,1,0,0,1,0,0,0,1,0,0,0,0,0,0,0,NoGeroprotectors,CCOc1ccc(NC(C)=O)cc1
PHENOXYPROPAZINE,CHEMBL1909286,hepatotoxicity,Withdrawn,166.223,166.110613,0.2666,-2.158,3,2,141.76,0.2591,47.28,-2.9037,0.75,0.591,0.4621,1,12,3,0,3,1,4,1,6,6,2,1,1,0,0,0,1,0,0,1,0,0,0,0,0,0,0,0,0,0,0,NoGeroprotectors,CC(COc1ccccc1)NN
XIMELAGATRAN,CHEMBL522038,hepatotoxicity,Withdrawn,473.572,473.26382,1.1936,-3.529,10,4,367.93,0.31384,146.35,-3.3946,0.58824,0.58059,0.81719,1,34,10,0,10,2,11,3,6,17,4,3,2,1,2,2,1,1,1,1,1,1,0,2,1,1,0,0,1,0,0,NoGeroprotectors,CCOC(=O)CN[C@@H](C(=O)N1CC[C@H]1C(=O)NCc1ccc(/C(N)=N\O)cc1)C1CCCCC1
NIALAMIDE,CHEMBL1256841,hepatotoxicity,Withdrawn,298.345,298.142976,0.0724,-2.423,6,3,242.94,0.29402,83.12,3.4317,0.72727,0.61078,0.55886,1,22,6,0,6,0,7,2,12,4,4,2,1,1,0,0,2,0,0,1,0,0,1,1,0,0,0,1,0,0,0,NoGeroprotectors,O=C(CCNNC(=O)c1ccncc1)NCc1ccccc1
TILBROQUINOL,CHEMBL1788385,hepatotoxicity,Withdrawn,238.084,236.978925,2.699,-3.204,2,1,143.86,0.16732,33.12,-3.736,0.53846,0,0.74957,1,13,3,0,3,0,0,2,10,2,0,2,1,1,0,0,2,0,0,1,0,0,1,0,0,0,0,1,0,0,0,NoGeroprotectors,Cc1cc(Br)c(O)c2ncccc12
PIPAMAZINE,CHEMBL1909072,hepatotoxicity,Withdrawn,401.961,401.132859,4.3351,-5.468,4,1,294.62,0.17955,74.87,8.6036,0.51852,0.41909,0.85267,1,27,6,0,6,0,5,4,12,11,2,4,2,2,1,2,2,0,0,2,1,2,0,1,2,1,1,0,1,0,0,NoGeroprotectors,NC(=O)C1CCN(CCCN2c3ccccc3Sc3ccc(Cl)cc32)CC1
SULFACARBAMIDE,CHEMBL139877,hepatotoxicity,Withdrawn,215.232,215.036462,-0.4581,-1.79,6,3,148.09,0.56466,123.66,5.8297,0.64286,0.5256,0.59188,1,14,7,0,7,0,1,1,6,1,3,1,1,0,0,0,1,0,0,1,0,0,0,2,1,0,1,0,0,0,0,NoGeroprotectors,NC(=O)NS(=O)(=O)c1ccc(N)cc1
TRIACETYLDIPHENOLISATIN,CHEMBL1909288,hepatotoxicity,Withdrawn,443.454,443.136889,3.7385,-5.048,7,0,327.77,0.23099,89.98,2.4582,0.45455,0.38056,0.87682,1,33,7,0,7,0,6,4,18,6,12,4,3,1,0,1,3,0,0,3,0,1,0,1,0,0,0,0,0,0,0,NoGeroprotectors,CC(=O)Oc1ccc(C2(c3ccc(OC(C)=O)cc3)C(=O)N(C(C)=O)c3ccccc32)cc1
SUPROFEN,CHEMBL956,nephrotoxicity,Withdrawn,260.312,260.050715,2.5669,-4.072,3,1,195.57,0.30444,82.61,3.0367,0.61111,0.46867,0.66485,1,18,4,0,4,1,4,2,11,3,2,2,1,1,0,0,2,0,0,1,0,0,1,0,0,0,0,0,0,1,0,NoGeroprotectors,CC(C(=O)O)c1ccc(C(=O)c2cccs2)cc1
CERIVASTATIN SODIUM,CHEMBL1200563,nephrotoxicity,Withdrawn,481.538,459.242102,4.3196,-5.688,6,3,364.01,0.2014,99.88,-0.28335,0.45455,0.53957,0.87713,2,33,7,0,7,2,11,2,12,16,4,2,1,1,0,0,2,0,0,1,0,0,1,0,0,0,0,1,0,1,0,NoGeroprotectors,COCc1c(C(C)C)nc(C(C)C)c(/C=C/[C@@H](O)C[C@@H](O)CC(=O)[O-])c1-c1ccc(F)cc1.[Na+]
BUCETIN,CHEMBL1697856,nephrotoxicity,Withdrawn,223.271,223.120844,1.5866,-2.417,4,2,183.36,0.2596,58.56,-3.2636,0.75,0.53749,0.5406,1,16,4,0,4,1,5,1,6,7,2,1,1,0,0,0,1,0,0,1,0,0,0,1,0,0,0,0,0,0,0,NoGeroprotectors,CCOc1ccc(NC(=O)CC(C)O)cc1
IOXITALAMIC ACID,CHEMBL2107239,nephrotoxicity,Withdrawn,643.928,643.780217,1.0781,-4.817,7,4,280.75,0.3143,115.73,2.4715,0.5,0.55669,0.87464,1,22,10,0,10,0,5,1,6,5,0,1,1,0,0,0,1,0,0,1,0,0,0,2,0,0,0,0,0,1,0,NoGeroprotectors,CC(=O)Nc1c(I)c(C(=O)O)c(I)c(C(=O)NCCO)c1I
SULFATHIAZOLE,CHEMBL437,nephrotoxicity,Withdrawn,255.321,255.013617,0.9067,-2.758,5,2,176.28,0.49149,121.7,4.867,0.625,0.47556,0.66485,1,16,7,0,7,0,2,2,11,1,3,2,1,1,0,0,2,0,0,1,0,0,1,1,1,0,1,1,0,0,0,NoGeroprotectors,Nc1ccc(S(=O)(=O)Nc2nccs2)cc1
CERIVASTATIN,CHEMBL1477,nephrotoxicity,Withdrawn,459.556,459.242102,4.3196,-5.688,6,3,364.01,0.2014,99.88,-0.28335,0.45455,0.53957,0.87713,1,33,7,0,7,2,11,2,12,16,4,2,1,1,0,0,2,0,0,1,0,0,1,0,0,0,0,1,0,1,0,NoGeroprotectors,COCc1c(C(C)C)nc(C(C)C)c(/C=C/[C@@H](O)C[C@@H](O)CC(=O)O)c1-c1ccc(F)cc1
ASTEMIZOLE,CHEMBL296419,cardiotoxicity,Withdrawn,458.579,458.248189,5.1461,-4.565,5,1,361.03,0.11869,42.32,6.3819,0.61765,0.37282,0.83438,1,34,6,0,6,0,8,5,21,11,6,5,3,2,1,1,4,0,0,3,1,1,1,0,2,1,1,2,2,0,0,NoGeroprotectors,COc1ccc(CCN2CCC(Nc3nc4ccccc4n3Cc3ccc(F)cc3)CC2)cc1
CLOFOREX,CHEMBL1697686,cardiotoxicity,Withdrawn,255.744,255.102606,3.4582,-3.724,3,1,202.6,0.17029,38.33,-13.33,0.70588,0.61081,0.60487,1,17,4,0,4,0,5,1,6,7,3,1,1,0,0,0,1,0,0,1,0,0,0,1,0,0,0,0,0,0,0,NoGeroprotectors,CCOC(=O)NC(C)(C)Cc1ccc(Cl)cc1
FENFLURAMINE HYDROCHLORIDE,CHEMBL2106217,cardiotoxicity,Withdrawn,267.721,231.123483,3.06,-3.06,1,1,178.72,0.064123,12.03,-4.0427,0.625,0.64687,0.655,2,16,4,0,4,1,5,1,6,7,2,1,1,0,0,0,1,0,0,1,0,0,0,0,1,1,0,0,1,0,0,NoGeroprotectors,CCNC(C)Cc1cccc(C(F)(F)F)c1.Cl
DEXFENFLURAMINE HYDROCHLORIDE,CHEMBL1887891,cardiotoxicity,Withdrawn,267.721,231.123483,3.06,-3.06,1,1,178.72,0.064123,12.03,-4.0427,0.625,0.64687,0.655,2,16,4,0,4,1,5,1,6,7,2,1,1,0,0,0,1,0,0,1,0,0,0,0,1,1,0,0,1,0,0,NoGeroprotectors,CCN[C@@H](C)Cc1cccc(C(F)(F)F)c1.Cl
PROPOXYPHENE,CHEMBL1213351,cardiotoxicity,Withdrawn,339.477,339.219829,4.2826,-3.353,3,0,284.3,0.093528,29.54,5.3569,0.4,0.53708,0.78706,1,25,3,0,3,2,9,2,12,11,5,2,2,0,0,0,2,0,0,2,0,0,0,0,1,1,0,0,1,0,0,NoGeroprotectors,CCC(=O)O[C@](Cc1ccccc1)(c1ccccc1)[C@H](C)CN(C)C
GREPAFLOXACIN HYDROCHLORIDE,CHEMBL1200393,cardiotoxicity,Withdrawn,395.861,359.16452,-0.8578,-4.042,6,2,256.05,0.2255,72.88,4.2763,0.46154,0.31645,0.94147,2,26,7,0,7,1,3,4,6,12,1,4,2,2,2,3,1,1,1,1,1,2,0,0,2,1,1,0,1,1,0,NoGeroprotectors,Cc1c(F)c(N2CCNC(C)C2)cc2c1c(=O)c(C(=O)O)cn2C1CC1.Cl
PRENYLAMINE,CHEMBL24072,cardiotoxicity,Withdrawn,329.485,329.214349,5.6356,-4.836,1,1,282.78,0.040526,12.03,5.589,0.56,0.52449,0.59188,1,25,1,0,1,1,8,3,18,7,10,3,3,0,0,0,3,0,0,3,0,0,0,0,1,1,0,0,1,0,0,NoGeroprotectors,CC(Cc1ccccc1)NCCC(c1ccccc1)c1ccccc1
TERFENADINE,CHEMBL17157,cardiotoxicity,Withdrawn,471.683,471.313729,6.2596,-5.386,3,2,381.2,0.078043,43.7,3.4429,0.54286,0.50331,0.74882,1,35,3,0,3,1,9,4,18,17,14,4,3,1,1,1,3,0,0,3,1,1,0,0,1,1,0,0,1,0,0,NoGeroprotectors,CC(C)(C)c1ccc(C(O)CCCN2CCC(C(O)(c3ccccc3)c3ccccc3)CC2)cc1
CHLORPHENTERMINE HYDROCHLORIDE,CHEMBL1200595,cardiotoxicity,Withdrawn,220.142,183.081476,2.4405,-2.911,1,1,145.89,0.10467,26.02,-0.91538,0.66667,0.54439,0.57233,2,12,2,0,2,0,2,1,6,5,3,1,1,0,0,0,1,0,0,1,0,0,0,0,1,1,0,0,1,0,0,NoGeroprotectors,CC(C)(N)Cc1ccc(Cl)cc1.Cl
CISAPRIDE,CHEMBL1729,cardiotoxicity,Withdrawn,465.951,465.183062,3.0142,-4.201,7,2,351.4,0.20865,86.05,3.7975,0.625,0.49605,0.81387,1,32,9,0,9,2,9,3,12,14,2,3,2,1,1,1,2,0,0,2,1,1,0,1,2,1,1,0,1,0,0,NoGeroprotectors,COc1cc(N)c(Cl)cc1C(=O)NC1CCN(CCCOc2ccc(F)cc2)CC1OC
PERGOLIDE MESYLATE,CHEMBL1275,cardiotoxicity,Withdrawn,410.601,314.181668,4.1329,-4.053,2,1,242.8,0.14428,44.33,4.1219,0.45455,0.28305,0.93004,2,22,3,0,3,3,4,4,9,13,0,4,2,2,1,2,2,0,1,1,1,1,1,0,1,1,0,1,1,0,0,NoGeroprotectors,CCCN1C[C@H](CSC)C[C@@H]2c3cccc4[nH]cc(c34)C[C@H]21.CS(=O)(=O)O
PROBUCOL,CHEMBL608,cardiotoxicity,Withdrawn,516.852,516.30957,10.673,-8.804,2,2,404.39,0.15129,91.06,-2.4621,0.37143,0.67602,0.79493,1,35,4,0,4,0,8,2,12,23,25,2,2,0,0,0,2,0,0,2,0,0,0,0,0,0,0,0,0,0,0,NoGeroprotectors,CC(C)(Sc1cc(C(C)(C)C)c(O)c(C(C)(C)C)c1)Sc1cc(C(C)(C)C)c(O)c(C(C)(C)C)c1
TERODILINE HYDROCHLORIDE,CHEMBL539770,cardiotoxicity,Withdrawn,317.902,281.214349,4.9336,-4.188,1,1,242.69,0.047221,12.03,4.6754,0.47619,0.51061,0.57248,2,21,1,0,1,1,6,2,12,9,10,2,2,0,0,0,2,0,0,2,0,0,0,0,1,1,0,0,1,0,0,NoGeroprotectors,CC(CC(c1ccccc1)c1ccccc1)NC(C)(C)C.Cl
VINCAMINE,CHEMBL1165342,cardiotoxicity,Withdrawn,354.448,354.194343,3.7907,-3.012,5,1,255.12,0.1825,54.7,1.8025,0.34615,0.22994,1.047,1,26,5,0,5,3,3,5,9,15,0,5,1,4,2,3,2,0,0,1,2,3,1,0,1,1,0,1,1,0,0,NoGeroprotectors,CC[C@]12CCCN3CCc4c(n(c5ccccc45)[C@@](O)(C(=O)OC)C1)[C@@H]32
CLOBUTINOL,CHEMBL1474889,cardiotoxicity,Withdrawn,255.788,255.138991,2.8045,-2.388,2,1,204.8,0.081299,23.47,6.5919,0.64706,0.67051,0.62778,1,17,3,0,3,2,5,1,6,10,3,1,1,0,0,0,1,0,0,1,0,0,0,0,1,1,0,0,1,0,0,NoGeroprotectors,CC(CN(C)C)C(C)(O)Cc1ccc(Cl)cc1
ENCAINIDE HYDROCHLORIDE,CHEMBL2106155,cardiotoxicity,Withdrawn,388.937,352.215078,4.2959,-4.076,4,1,288.61,0.13184,41.57,3.4217,0.61538,0.47301,0.73536,2,26,4,0,4,1,6,3,12,11,2,3,2,1,1,1,2,0,0,2,1,1,0,1,1,1,0,0,1,0,0,NoGeroprotectors,COc1ccc(C(=O)Nc2ccccc2CCC2CCCCN2C)cc1.Cl
METAPROTERENOL SULFATE,CHEMBL1568057,cardiotoxicity,Withdrawn,520.598,211.120844,0.4502,-1.142,4,4,167.05,0.30386,72.72,5.321,0.6,0.54994,0.63466,3,15,4,0,4,1,4,1,6,9,4,1,1,0,0,0,1,0,0,1,0,0,0,0,1,1,0,0,1,0,0,NoGeroprotectors,CC(C)NCC(O)c1cc(O)cc(O)c1.CC(C)NCC(O)c1cc(O)cc(O)c1.O=S(=O)(O)O
ROSIGLITAZONE MALEATE,CHEMBL843,cardiotoxicity,Withdrawn,473.505,357.114712,2.1619,-3.666,6,1,269.07,0.29565,96.83,7.5038,0.68,0.53192,0.70181,2,25,7,0,7,1,7,3,12,7,2,3,1,2,1,1,2,0,0,1,1,1,1,1,1,0,1,1,1,0,0,NoGeroprotectors,CN(CCOc1ccc(CC2SC(=O)NC2=O)cc1)c1ccccn1.O=C(O)/C=C\C(=O)O
THIORIDAZINE HYDROCHLORIDE,CHEMBL1200916,cardiotoxicity,Withdrawn,407.044,370.153738,5.5295,-5.947,2,0,281.18,0.14966,57.08,3.6773,0.48,0.37526,0.84401,2,25,4,0,4,1,4,4,12,13,0,4,2,2,1,2,2,0,0,2,1,2,0,0,2,1,1,0,1,0,0,NoGeroprotectors,CSc1ccc2c(c1)N(CCC1CCCCN1C)c1ccccc1S2.Cl
FENSPIRIDE,CHEMBL576127,cardiotoxicity,Withdrawn,260.336,260.152478,1.7431,-2.343,4,1,202.5,0.1879,41.57,-2.2937,0.68421,0.41554,0.65055,1,19,4,0,4,0,3,3,6,10,4,3,1,2,2,2,1,0,0,1,2,2,0,1,1,1,0,0,1,0,0,NoGeroprotectors,O=C1NCC2(CCN(CCc3ccccc3)CC2)O1
ROSIGLITAZONE,CHEMBL121,cardiotoxicity,Withdrawn,357.433,357.114712,2.1619,-3.666,6,1,269.07,0.29565,96.83,7.5038,0.68,0.53192,0.70181,1,25,7,0,7,1,7,3,12,7,2,3,1,2,1,1,2,0,0,1,1,1,1,1,1,0,1,1,1,0,0,NoGeroprotectors,CN(CCOc1ccc(CC2SC(=O)NC2=O)cc1)c1ccccn1
THIORIDAZINE,CHEMBL479,cardiotoxicity,Withdrawn,370.583,370.153738,5.5295,-5.947,2,0,281.18,0.14966,57.08,3.6773,0.48,0.37526,0.84401,1,25,4,0,4,1,4,4,12,13,0,4,2,2,1,2,2,0,0,2,1,2,0,0,2,1,1,0,1,0,0,NoGeroprotectors,CSc1ccc2c(c1)N(CCC1CCCCN1C)c1ccccc1S2
TEGASEROD,CHEMBL76370,cardiotoxicity,Withdrawn,301.393,301.19026,2.8267,-3.563,6,4,254.98,0.2903,85.29,-0.46519,0.72727,0.42069,0.75761,1,22,6,0,6,0,7,2,9,7,0,2,1,1,0,0,2,0,0,1,0,0,1,0,0,0,0,1,1,0,0,NoGeroprotectors,CCCCCNC(=N)N/N=C/c1c[nH]c2ccc(OC)cc12
PROPOXYPHENE HYDROCHLORIDE,CHEMBL1237104,cardiotoxicity,Withdrawn,375.938,339.219829,4.2826,-3.353,3,0,284.3,0.093528,29.54,5.3569,0.4,0.53708,0.78706,2,25,3,0,3,2,9,2,12,11,5,2,2,0,0,0,2,0,0,2,0,0,0,0,1,1,0,0,1,0,0,NoGeroprotectors,CCC(=O)O[C@](Cc1ccccc1)(c1ccccc1)[C@H](C)CN(C)C.Cl
BENFLUOREX,CHEMBL400599,cardiotoxicity,Withdrawn,351.367,351.144613,4.0617,-4.133,3,1,267.73,0.12886,38.33,-1.9406,0.64,0.59885,0.69646,1,25,6,0,6,1,9,2,12,8,4,2,2,0,0,0,2,0,0,2,0,0,0,0,1,1,0,0,1,0,0,NoGeroprotectors,CC(Cc1cccc(C(F)(F)F)c1)NCCOC(=O)c1ccccc1
PERGOLIDE,CHEMBL531,cardiotoxicity,Withdrawn,314.495,314.181668,4.1329,-4.053,2,1,242.8,0.14428,44.33,4.1164,0.45455,0.28305,0.93004,1,22,3,0,3,3,4,4,9,13,0,4,2,2,1,2,2,0,1,1,1,1,1,0,1,1,0,1,1,0,0,NoGeroprotectors,CCCN1C[C@H](CSC)C[C@@H]2c3cccc4[nH]cc(c34)C[C@H]21
PROPOXYPHENE NAPSYLATE,CHEMBL3989716,cardiotoxicity,Withdrawn,565.729,339.219829,4.2826,-3.353,3,0,284.3,0.093528,29.54,6.8292,0.4,0.53708,0.78706,3,25,3,0,3,2,9,2,12,11,5,2,2,0,0,0,2,0,0,2,0,0,0,0,1,1,0,0,1,0,0,NoGeroprotectors,CCC(=O)O[C@](Cc1ccccc1)(c1ccccc1)[C@H](C)CN(C)C.O.O=S(=O)(O)c1ccc2ccccc2c1
SERTINDOLE,CHEMBL12713,cardiotoxicity,Withdrawn,440.948,440.177916,4.4892,-6.89,5,1,323.98,0.11874,40.51,6.2171,0.54839,0.42026,0.86856,1,31,7,0,7,0,5,5,15,10,4,5,2,3,2,2,3,0,0,2,2,2,1,2,1,1,0,1,1,0,0,NoGeroprotectors,O=C1NCCN1CCN1CCC(c2cn(-c3ccc(F)cc3)c3ccc(Cl)cc23)CC1
TRICHLOROETHANE,CHEMBL16080,cardiotoxicity,Withdrawn,133.405,131.930031,2.4217,-2.185,0,0,82.43,0,0,-5.2119,0.6,0,0.80472,1,5,3,0,3,0,0,0,0,2,2,0,0,0,0,0,0,0,0,0,0,0,0,0,0,0,0,0,0,0,0,NoGeroprotectors,CC(Cl)(Cl)Cl
CHLORMADINONE ACETATE,CHEMBL110691,carcinogenicity,Withdrawn,404.932,404.175437,3.8241,-4.965,4,0,287.92,0.1706,60.44,1.7843,0.46429,0.18388,1.005,1,28,5,0,5,6,3,4,0,17,0,4,4,0,2,4,0,2,4,0,0,0,0,0,0,0,0,0,0,0,0,NoGeroprotectors,CC(=O)O[C@]1(C(C)=O)CC[C@H]2[C@@H]3C=C(Cl)C4=CC(=O)CC[C@]4(C)[C@H]3CC[C@@]21C
CHLOROFORM,CHEMBL44618,carcinogenicity,Withdrawn,119.378,117.914381,1.6348,-3.509,0,0,72.26,0,0,-2.2663,0.75,0,0,1,4,3,0,3,0,0,0,0,1,2,0,0,0,0,0,0,0,0,0,0,0,0,0,0,0,0,0,0,0,0,NoGeroprotectors,ClC(Cl)Cl
ANAGESTONE ACETATE,CHEMBL2104489,carcinogenicity,Withdrawn,372.547,372.266445,4.6579,-5.01,3,0,282.32,0.1278,43.37,-1.9703,0.44444,0.19918,0.95477,1,27,3,0,3,7,3,4,0,21,0,4,4,0,3,4,0,3,4,0,0,0,0,0,0,0,0,0,0,0,0,NoGeroprotectors,CC(=O)O[C@]1(C(C)=O)CCC2[C@@H]3C[C@H](C)C4=CCCC[C@]4(C)[C@H]3CC[C@@]21C
LORCASERIN,CHEMBL360328,carcinogenicity,Withdrawn,195.692,195.081476,3.1359,-3.057,1,1,152.68,0.075059,12.03,1.1494,0.53846,0.17253,0.68976,1,13,2,0,2,1,0,2,6,6,0,2,1,1,0,1,1,0,0,1,0,1,0,0,1,1,0,0,1,0,0,NoGeroprotectors,C[C@H]1CNCCc2ccc(Cl)cc21
PRONETALOL,CHEMBL16476,carcinogenicity,Withdrawn,229.322,229.146664,2.336,-3.34,2,2,188.95,0.12998,32.26,6.2985,0.64706,0.39196,0.63466,1,17,2,0,2,1,4,2,10,7,1,2,2,0,0,0,2,0,0,2,0,0,0,0,1,1,0,0,1,0,0,NoGeroprotectors,CC(C)NCC(O)c1ccc2ccccc2c1
TETRAMETHRIN,CHEMBL1788386,carcinogenicity,Withdrawn,331.41,331.178359,2.9536,-3.284,5,0,247.43,0.21287,63.68,-2.6054,0.54167,0.51226,0.83887,1,24,5,0,5,2,5,3,0,13,7,3,2,1,1,3,0,1,2,0,0,1,0,1,0,0,0,0,0,0,0,NoGeroprotectors,CC(C)=CC1C(C(=O)OCN2C(=O)C3=C(CCCC3)C2=O)C1(C)C
BIOALLETHRIN,CHEMBL1788403,carcinogenicity,Withdrawn,302.412,302.188195,4.4136,-3.491,3,0,240.9,0.14977,43.37,-1.7903,0.59091,0.26805,0.79548,1,22,3,0,3,3,6,2,0,12,2,2,2,0,1,2,0,1,2,0,0,0,0,0,0,0,0,0,0,0,0,NoGeroprotectors,C=CCC1=C(C)C(OC(=O)[C@@H]2[C@@H](C=C(C)C)C2(C)C)CC1=O
INGENOL MEBUTATE,CHEMBL1863513,carcinogenicity,Withdrawn,430.539,430.23554,2.661,-3.227,6,3,305.49,0.24675,104.06,-2.5836,0.41935,0.26485,1.0452,1,31,6,0,6,8,4,4,0,21,1,4,4,0,2,4,0,2,4,0,0,0,0,0,0,0,0,0,0,0,0,NoGeroprotectors,C/C=C(/C)C(=O)O[C@H]1C(C)=C[C@]23C(=O)[C@@H](C=C(CO)[C@@H](O)[C@]12O)[C@H]1[C@@H](C[C@H]3C)C1(C)C
DANTHRON,CHEMBL53418,carcinogenicity,Withdrawn,240.214,240.04226,2.342,-4.138,4,2,167.72,0.31171,74.6,-1.0702,0.44444,0.01098,0.84047,1,18,4,0,4,0,0,3,12,2,7,3,3,0,1,1,2,1,1,2,0,0,0,0,0,0,0,0,0,0,0,NoGeroprotectors,O=C1c2cccc(O)c2C(=O)c2c(O)cccc21
FENCLOFENAC,CHEMBL15677,carcinogenicity,Withdrawn,297.136,296.000699,3.7504,-5.363,3,1,211.72,0.1707,46.53,-1.475,0.57895,0.53565,0.72413,1,19,5,0,5,0,4,2,12,3,0,2,2,0,0,0,2,0,0,2,0,0,0,0,0,0,0,0,0,1,0,NoGeroprotectors,O=C(O)Cc1ccccc1Oc1ccc(Cl)cc1Cl
"GLYCEROL, IODINATED",CHEMBL2105827,carcinogenicity,Withdrawn,258.05,257.975293,0.6254,-0.884,3,1,129.91,0.25479,38.69,-0.49846,0.7,0.5144,0.59915,1,10,4,0,4,3,2,1,0,9,0,1,0,1,1,1,0,0,0,0,1,1,0,0,0,0,0,0,0,0,0,NoGeroprotectors,CC(I)C1OCC(CO)O1
NITROFURAZONE,CHEMBL869,carcinogenicity,Withdrawn,198.138,198.038906,-0.2462,-3.481,8,2,149.11,0.64255,126.44,2.9708,0.71429,0.32781,0.57758,1,14,8,0,8,0,3,1,5,1,0,1,0,1,0,0,1,0,0,0,0,0,1,1,0,0,0,0,0,0,0,NoGeroprotectors,NC(=O)N/N=C/c1ccc([N+](=O)[O-])o1
METHAPYRILENE HYDROCHLORIDE,CHEMBL1255739,carcinogenicity,Withdrawn,297.853,261.129967,1.891,-2.138,3,0,214.12,0.17948,47.61,6.7797,0.5,0.6231,0.68745,2,18,4,0,4,0,6,2,11,6,1,2,0,2,0,0,2,0,0,0,0,0,2,0,2,1,1,1,2,0,0,NoGeroprotectors,CN(C)CCN(Cc1cccs1)c1ccccn1.Cl
URETHANE,CHEMBL462547,carcinogenicity,Withdrawn,89.0936,89.047679,-0.0874,-1.15,3,1,75.79,0.50548,52.32,-1.8585,0.83333,0.28335,0.80472,1,6,3,0,3,0,2,0,0,3,0,0,0,0,0,0,0,0,0,0,0,0,0,1,0,0,0,0,0,0,0,NoGeroprotectors,CCOC(N)=O
FEPRAZONE,CHEMBL1452696,carcinogenicity,Withdrawn,320.391,320.152478,3.5511,-3.072,4,0,251.11,0.13213,40.62,3.8717,0.45833,0.42692,0.83685,1,24,4,0,4,0,4,3,12,4,12,3,2,1,1,1,2,0,0,2,1,1,0,0,0,0,0,0,0,0,0,NoGeroprotectors,CC(C)=CCC1C(=O)N(c2ccccc2)N(c2ccccc2)C1=O
METHAPYRILENE FUMARATE,CHEMBL3187246,carcinogenicity,Withdrawn,870.999,261.129967,1.891,-2.138,3,0,214.12,0.17948,47.61,6.7797,0.5,0.6231,0.68745,5,18,4,0,4,0,6,2,11,6,1,2,0,2,0,0,2,0,0,0,0,0,2,0,2,1,1,1,2,0,0,NoGeroprotectors,CN(C)CCN(Cc1cccs1)c1ccccn1.CN(C)CCN(Cc1cccs1)c1ccccn1.O=C(O)/C=C/C(=O)O.O=C(O)/C=C/C(=O)O.O=C(O)/C=C/C(=O)O
GENTIAN VIOLET,CHEMBL64894,carcinogenicity,Withdrawn,407.987,372.243972,0.6992,-3.473,3,0,302.61,0.0062787,9.49,-10.07,0.46429,0.44797,0.75973,2,28,3,0,3,0,4,3,12,6,15,3,3,0,0,1,2,0,1,2,0,0,0,0,2,0,2,0,0,0,0,NoGeroprotectors,CN(C)c1ccc(C(=C2C=CC(=[N+](C)C)C=C2)c2ccc(N(C)C)cc2)cc1.[Cl-]
CARBARIL,CHEMBL46917,carcinogenicity,Withdrawn,201.224,201.078979,2.5697,-3.701,3,1,159.33,0.21653,38.33,-3.09,0.6,0.048625,0.64441,1,15,3,0,3,0,2,2,10,2,0,2,2,0,0,0,2,0,0,2,0,0,0,1,0,0,0,0,0,0,0,NoGeroprotectors,CNC(=O)Oc1cccc2ccccc12
INDOPROFEN,CHEMBL15870,carcinogenicity,Withdrawn,281.31,281.105194,2.2291,-3.687,4,1,210.19,0.20329,57.61,3.7067,0.57143,0.44387,0.77499,1,21,4,0,4,1,3,3,12,4,2,3,2,1,0,1,2,0,0,2,0,1,0,1,0,0,0,0,0,1,0,NoGeroprotectors,CC(C(=O)O)c1ccc(N2Cc3ccccc3C2=O)cc1
PHENOLPHTHALEIN,CHEMBL63857,carcinogenicity,Withdrawn,318.327,318.08921,3.5382,-3.06,4,2,230.14,0.21396,66.76,-1.2682,0.45833,0.33443,0.81766,1,24,4,0,4,0,2,4,18,4,9,4,3,1,0,1,3,0,0,3,0,1,0,0,0,0,0,0,0,0,0,NoGeroprotectors,O=C1OC(c2ccc(O)cc2)(c2ccc(O)cc2)c2ccccc21
CANRENONE,CHEMBL1463345,carcinogenicity,Withdrawn,340.461,340.203845,3.3562,-4.438,3,0,246.04,0.14664,43.37,-2.9132,0.52,0.15396,0.98567,1,25,3,0,3,6,0,5,0,17,0,5,4,1,3,5,0,2,4,0,1,1,0,0,0,0,0,0,0,0,0,NoGeroprotectors,C[C@]12CCC(=O)C=C1C=C[C@@H]1[C@@H]2CC[C@@]2(C)[C@H]1CC[C@@]21CCC(=O)O1
PHENOTHRIN,CHEMBL1322884,carcinogenicity,Withdrawn,350.456,350.188195,5.3937,-5.656,3,0,280.19,0.11792,35.53,-0.023795,0.61538,0.55486,0.73864,1,26,3,0,3,2,7,3,12,10,4,3,3,0,1,1,2,1,1,2,0,0,0,0,0,0,0,0,0,0,0,NoGeroprotectors,CC(C)=CC1C(C(=O)OCc2cccc(Oc3ccccc3)c2)C1(C)C
PERMETHRIN,CHEMBL1525,carcinogenicity,Withdrawn,391.293,390.078949,5.8089,-6.469,3,0,286.51,0.11532,35.53,0.92471,0.61538,0.55486,0.75032,1,26,5,0,5,2,7,3,12,8,4,3,3,0,1,1,2,1,1,2,0,0,0,0,0,0,0,0,0,0,0,NoGeroprotectors,CC1(C)C(C=C(Cl)Cl)C1C(=O)OCc1cccc(Oc2ccccc2)c1
Paclitaxel,NA,No geroprotectors,NA,853.915,853.330959,3.188,-6.289,15,4,605.19,0.29577,221.29,0.82049,0.32258,0.38593,1.0822,1,62,15,0,15,11,14,7,18,29,7,6,5,1,2,3,3,1,2,3,1,1,0,1,0,0,0,0,0,0,0,NoGeroprotectors,CC1=C2C(C(=O)C3(C(CC4C(C3C(C(C2(C)C)(CC1OC(=O)C(C(C5=CC=CC=C5)NC(=O)C6=CC=CC=C6)O)O)OC(=O)C7=CC=CC=C7)(CO4)OC(=O)C)O)C)OC(=O)C
Taraxerone,NA,No geroprotectors,NA,424.71,424.370515,7.4843,-6.704,1,0,324.1,0.040234,17.07,-4.4575,0.41935,0.3037,0.96627,1,31,1,0,1,7,0,5,0,27,2,5,5,0,4,5,0,4,5,0,0,0,0,0,0,0,0,0,0,0,0,NoGeroprotectors,CC1(CCC2(CC=C3C4(CCC5C(C(=O)CCC5(C4CCC3(C2C1)C)C)(C)C)C)C)C
Nitrilotriacetic acid,NA,No geroprotectors,NA,191.138,191.042989,-3.8594,0.868,7,3,137.38,0.59667,115.14,-8.1014,0.53846,0.7624,0.49074,1,13,7,0,7,0,6,0,0,7,8,0,0,0,0,0,0,0,0,0,0,0,0,0,1,1,0,0,1,3,0,NoGeroprotectors,C(C(=O)O)N(CC(=O)O)CC(=O)O
Ferric nitrilotriacetate,NA,No geroprotectors,NA,243.96,191.042989,-3.8594,0.868,7,3,137.38,0.59667,115.14,-8.1014,0.53846,0.7624,0.49074,2,13,7,0,7,0,6,0,0,7,8,0,0,0,0,0,0,0,0,0,0,0,0,0,1,1,0,0,1,3,0,NoGeroprotectors,C(C(=O)[O-])N(CC(=O)[O-])CC(=O)[O-].[Fe+3]
Fulvalene,NA,No geroprotectors,NA,128.174,128.0626,1.9462,-1.884,0,0,115.42,0,0,-0.74083,0.6,0,0.49698,1,10,0,0,0,0,0,2,0,0,7,2,2,0,0,2,0,0,2,0,0,0,0,0,0,0,0,0,0,0,0,NoGeroprotectors,C1=CC(=C2C=CC=C2)C=C1
"Tetrabenzo[5,7]fulvalene",NA,No geroprotectors,NA,354.451,354.14085,7.1562,-8.212,0,0,274.96,0,0,-1.0458,0.35714,0.092292,0.88752,1,28,0,0,0,0,0,6,24,0,13,6,6,0,0,2,4,0,2,4,0,0,0,0,0,0,0,0,0,0,0,NoGeroprotectors,C1=CC=C2C(=C1)C=CC3=CC=CC=C3C2=C4C5=CC=CC=C5C6=CC=CC=C64
Guayulin C,NA,No geroprotectors,NA,366.499,366.219495,4.5801,-4.893,3,1,277.49,0.13024,46.53,-6.0127,0.51852,0.30027,0.87927,1,27,3,0,3,6,4,4,6,15,3,4,4,0,3,3,1,3,3,1,0,0,0,0,0,0,0,0,0,0,0,NoGeroprotectors,CC1(C2C1C3C(CCC3(C)O)C(=C)CC2OC(=O)C=CC4=CC=CC=C4)C
Midazolam,NA,No geroprotectors,NA,325.773,325.078202,3.2751,-6.815,3,0,238,0.12332,30.18,2.7386,0.43478,0.18345,0.90475,1,23,5,0,5,0,1,4,17,2,0,4,2,2,0,1,3,0,0,2,0,1,1,0,0,0,0,2,0,0,0,NoGeroprotectors,CC1=NC=C2N1C3=C(C=C(C=C3)Cl)C(=NC2)C4=CC=CC=C4F
"2,4-Dinitrophenyl thiocyanate",NA,No geroprotectors,NA,225.184,224.984427,0.0246,-3.145,7,0,159.8,0.57503,140.73,-10.46,0.6,0.45571,0.69969,1,15,8,0,8,0,3,1,6,3,0,1,1,0,0,0,1,0,0,1,0,0,0,0,0,0,0,0,0,0,0,NoGeroprotectors,C1=CC(=C(C=C1[N+](=O)[O-])[N+](=O)[O-])SC#N
Niravoline,NA,No geroprotectors,NA,379.459,379.189592,2.7047,-3.314,6,0,287.86,0.17564,69.37,0.45139,0.46429,0.53819,0.87275,1,28,6,0,6,2,5,4,12,11,2,4,3,1,1,2,2,0,1,2,1,1,0,1,1,1,0,0,1,0,0,NoGeroprotectors,CN(C1C(CC2=CC=CC=C12)N3CCCC3)C(=O)CC4=CC(=CC=C4)[N+](=O)[O-]
Dronabinol,NA,No geroprotectors,NA,314.467,314.22458,6.131,-4.807,2,1,254.33,0.090827,29.46,-11.786,0.56522,0.37623,0.90011,1,23,2,0,2,2,4,3,6,15,1,3,2,1,0,2,1,0,1,1,0,1,0,0,0,0,0,0,0,0,0,NoGeroprotectors,CCCCCC1=CC(=C2C3C=C(CCC3C(OC2=C1)(C)C)C)O
Scopolamine,NA,No geroprotectors,NA,303.357,303.147059,0.779,-2.295,5,1,223.35,0.25673,62.3,2.875,0.54545,0.3741,0.80291,1,22,5,0,5,5,5,4,6,14,5,6,2,4,5,5,1,1,1,1,4,4,0,0,1,1,0,0,1,0,0,NoGeroprotectors,CN1C2CC(CC1C3C2O3)OC(=O)C(CO)C4=CC=CC=C4
Scopoletin,NA,No geroprotectors,NA,192.17,192.04226,1.0817,-2.092,4,1,142.62,0.32352,55.76,-3.0612,0.64286,0.13351,0.73114,1,14,4,0,4,0,1,2,6,4,0,2,1,1,0,1,1,0,0,1,0,1,0,0,0,0,0,0,0,0,0,NoGeroprotectors,COC1=C(C=C2C(=C1)C=CC(=O)O2)O
Benzedrone,NA,No geroprotectors,NA,253.344,253.146664,2.6791,-3.83,2,1,213.01,0.11502,29.1,3.5826,0.68421,0.5359,0.60279,1,19,2,0,2,1,5,2,12,5,4,2,2,0,0,0,2,0,0,2,0,0,0,0,1,1,0,0,1,0,0,NoGeroprotectors,CC1=CC=C(C=C1)C(=O)C(C)NCC2=CC=CC=C2
Butylone,NA,No geroprotectors,NA,221.255,221.105194,1.4829,-3.144,4,1,173.51,0.25647,47.56,2.9085,0.5625,0.42481,0.71096,1,16,4,0,4,1,4,2,6,8,0,2,1,1,0,1,1,0,0,1,0,1,0,0,1,1,0,0,1,0,0,NoGeroprotectors,CCC(C(=O)C1=CC2=C(C=C1)OCO2)NC
Pentobarbital,NA,No geroprotectors,NA,248.257,226.131743,1.2032,-2.651,5,2,177.25,0.35063,78.76,3.5439,0.5625,0.56573,0.75107,2,16,5,0,5,2,4,1,0,9,0,1,0,1,0,1,0,0,0,0,0,1,0,1,0,0,0,0,0,0,0,NoGeroprotectors,CCCC(C)C1(C(=O)NC(=NC1=O)[O-])CC.[Na+]
Ricinine,NA,No geroprotectors,NA,164.164,164.058578,-0.4978,-1.072,4,0,133.7,0.3003,53.33,-1.0535,0.58333,0.34752,0.72179,1,12,4,0,4,0,1,1,0,3,0,1,0,1,0,1,0,0,0,0,0,1,0,1,0,0,0,0,0,0,0,NoGeroprotectors,CN1C=CC(=C(C1=O)C#N)OC
PMMA,NA,No geroprotectors,NA,215.723,179.131014,1.7354,-2,2,1,157.76,0.13603,21.26,2.8909,0.76923,0.60418,0.59256,2,13,2,0,2,1,4,1,6,7,2,1,1,0,0,0,1,0,0,1,0,0,0,0,1,1,0,0,1,0,0,NoGeroprotectors,CC(CC1=CC=C(C=C1)OC)NC.Cl
Molidustat,NA,No geroprotectors,NA,314.308,314.123972,-1.8021,-2.19,10,1,229.82,0.40184,101.3,-0.63202,0.56522,0.29138,0.84206,1,23,10,0,10,0,3,4,11,5,2,4,0,4,1,2,2,0,0,0,1,2,2,0,1,0,1,5,0,0,0,NoGeroprotectors,C1COCCN1C2=NC=NC(=C2)N3C(=O)C(=CN3)N4C=CN=N4
Phorbol,NA,No geroprotectors,NA,364.436,364.18859,0.0565,-1.863,6,5,239.12,0.32845,118.22,-2.8615,0.34615,0.29898,1.0097,1,26,6,0,6,8,1,4,0,20,1,5,5,0,3,5,0,3,5,0,0,0,0,0,0,0,0,0,0,0,0,NoGeroprotectors,CC1C(C2(C(C2(C)C)C3C1(C4C=C(C(=O)C4(CC(=C3)CO)O)C)O)O)O
Prostratin,NA,No geroprotectors,NA,390.474,390.20424,1.3932,-2.672,6,3,267.69,0.28159,104.06,-2.1744,0.39286,0.33993,1.0052,1,28,6,0,6,7,3,4,0,20,1,5,5,0,3,5,0,3,5,0,0,0,0,0,0,0,0,0,0,0,0,NoGeroprotectors,CC1CC2(C(C2(C)C)C3C1(C4C=C(C(=O)C4(CC(=C3)CO)O)C)O)OC(=O)C
Formaldehyde,NA,No geroprotectors,NA,30.0259,30.010565,-0.1834,-0.58,1,0,31.08,0.41956,17.07,-2.3891,1,0,0,1,2,1,0,1,0,0,0,0,0,0,0,0,0,0,0,0,0,0,0,0,0,0,0,0,0,0,0,0,0,0,NoGeroprotectors,C=O
Sildenafil,NA,No geroprotectors,NA,474.584,474.204924,1.0802,-1.819,10,1,350.7,0.2838,117.51,6.5304,0.48485,0.43437,0.94553,1,33,11,0,11,0,6,4,11,14,3,4,1,3,1,2,2,0,0,1,1,2,1,2,1,1,0,2,1,0,0,NoGeroprotectors,CCCC1=NN(C2=C1N=C(NC2=O)C3=C(C=CC(=C3)S(=O)(=O)N4CCN(CC4)C)OCC)C
Ethinamate,NA,No geroprotectors,NA,167.207,167.094629,0.9809,-2.857,3,1,139.29,0.27504,52.32,-3.9694,0.58333,0.39949,0.57233,1,12,3,0,3,0,2,1,0,7,2,1,1,0,1,1,0,1,1,0,0,0,0,1,0,0,0,0,0,0,0,NoGeroprotectors,C#CC1(CCCCC1)OC(=O)N
gardenin B,NA,No geroprotectors,NA,358.345,358.105255,2.7471,-3.52,7,1,267.37,0.28477,83.45,0.40331,0.53846,0.33546,0.89827,1,26,7,0,7,0,5,3,12,10,2,3,2,1,0,1,2,0,0,2,0,1,0,0,0,0,0,0,0,0,0,NoGeroprotectors,COC1=CC=C(C=C1)C2=CC(=O)C3=C(C(=C(C(=C3O2)OC)OC)OC)O
spautin-1,NA,No geroprotectors,NA,271.269,271.092103,3.0314,-4.649,3,1,203.06,0.16448,37.81,-1.4333,0.6,0.39483,0.75402,1,20,5,0,5,0,3,3,16,1,2,3,2,1,0,0,3,0,0,2,0,0,1,0,1,0,1,2,0,0,0,NoGeroprotectors,C1=CC(=CC=C1CNC2=NC=NC3=C2C=C(C=C3)F)F
tetrachlorobenzoquinone,NA,No geroprotectors,NA,245.876,243.865238,1.7616,-3.762,2,0,143.02,0.18235,34.14,-1.5979,0.5,0.013035,0.74811,1,12,6,0,6,0,0,1,0,0,8,1,1,0,0,1,0,0,1,0,0,0,0,0,0,0,0,0,0,0,0,NoGeroprotectors,C1(=C(C(=O)C(=C(C1=O)Cl)Cl)Cl)Cl
"1,2-Bis(2,4,6-tribromophenoxy)ethane",NA,No geroprotectors,NA,687.64,681.562446,7.3658,-7.888,2,0,292.32,0.068418,18.46,-11.095,0.63636,0.53869,0.70181,1,22,8,0,8,0,5,2,12,4,14,2,2,0,0,0,2,0,0,2,0,0,0,0,0,0,0,0,0,0,0,NoGeroprotectors,C1=C(C=C(C(=C1Br)OCCOC2=C(C=C(C=C2Br)Br)Br)Br)Br
"2-morpholino-4H-pyrimido[2,1-a]isoquinolin-4-one",NA,No geroprotectors,NA,281.314,281.116427,1.2611,-3.561,5,0,210.33,0.19802,45.14,1.2932,0.52381,0.31414,0.84897,1,21,5,0,5,0,1,4,6,5,2,4,1,3,1,3,1,0,0,1,1,3,0,1,0,0,0,0,1,0,0,NoGeroprotectors,C1COCCN1C2=CC(=O)N3C=CC4=CC=CC=C4C3=N2
afuresertib,NA,No geroprotectors,NA,427.33,426.048413,3.178,-5.361,5,2,303.88,0.25658,101.18,5.5637,0.51852,0.47028,0.8512,1,27,9,0,9,1,6,3,16,5,0,3,1,2,0,0,3,0,0,1,0,0,2,1,1,1,0,2,1,0,0,NoGeroprotectors,CN1C(=C(C=N1)Cl)C2=C(SC(=C2)C(=O)NC(CC3=CC(=CC=C3)F)CN)Cl
coagulin-L,NA,No geroprotectors,NA,650.759,650.33023,0.3691,-3.658,12,7,439.77,0.33604,203.44,-3.3151,0.45652,0.4252,1.0479,1,46,12,0,12,14,5,6,0,38,0,6,4,2,4,6,0,3,4,0,1,2,0,0,0,0,0,0,0,0,0,NoGeroprotectors,CC1=C(C(=O)OC(C1)C(C)(C2(CCC3(C2(CCC4C3CC=C5C4(C(=O)CC(C5)OC6C(C(C(C(O6)CO)O)O)O)C)C)O)O)O)C
Scutebarbatine A,NA,No geroprotectors,NA,558.629,558.236603,3.4992,-4.185,9,1,414.61,0.25122,124.91,-0.51892,0.39024,0.33792,1.0089,1,41,9,0,9,6,8,5,12,17,0,5,2,3,1,3,2,1,2,0,0,1,2,0,0,0,0,2,0,0,0,NoGeroprotectors,CC1=CCCC2C1(C(C(C(C2(C)C=CC3=CC(=O)OC3)(C)O)OC(=O)C4=CN=CC=C4)OC(=O)C5=CN=CC=C5)C
Lupalbigenin,NA,No geroprotectors,NA,406.476,406.178025,5.6722,-4.605,5,3,317.01,0.19665,86.99,-0.41739,0.53333,0.4146,0.89666,1,30,5,0,5,0,5,3,12,10,2,3,2,1,0,1,2,0,0,2,0,1,0,0,0,0,0,0,0,0,0,NoGeroprotectors,CC(=CCC1=C(C=CC(=C1)C2=COC3=C(C2=O)C(=C(C(=C3)O)CC=C(C)C)O)O)C
corynoxine B,NA,No geroprotectors,NA,384.474,384.204908,1.888,-3.369,6,1,288.22,0.21196,67.87,3.3474,0.42857,0.31009,0.9583,1,28,6,0,6,4,5,4,6,15,0,4,1,3,2,3,1,0,0,1,2,3,0,1,1,1,0,0,1,0,0,NoGeroprotectors,CCC1CN2CCC3(C2CC1C(=COC)C(=O)OC)C4=CC=CC=C4NC3=O
2-Mercaptopteridin-4-ol,NA,No geroprotectors,NA,180.191,180.010581,-0.7239,-1.546,5,2,130.66,0.65743,99,0.51491,0.58333,0.01643,0.78036,1,12,6,0,6,0,0,2,6,1,0,2,0,2,0,1,1,0,0,0,0,1,1,1,0,0,0,2,0,0,0,NoGeroprotectors,C1=CN=C2C(=N1)C(=O)NC(=S)N2
Lupiwighteone,NA,No geroprotectors,NA,338.358,338.115425,3.6497,-3.666,5,3,254.02,0.24541,86.99,-0.41739,0.56,0.33984,0.87774,1,25,5,0,5,0,3,3,12,7,3,3,2,1,0,1,2,0,0,2,0,1,0,0,0,0,0,0,0,0,0,NoGeroprotectors,CC(=CCC1=C2C(=C(C=C1O)O)C(=O)C(=CO2)C3=CC=C(C=C3)O)C
taiwanin E,NA,No geroprotectors,NA,364.308,364.058305,3.4445,-6.812,7,1,242.5,0.31398,83.45,-1.441,0.40741,0.17981,0.95022,1,27,7,0,7,0,1,6,16,9,0,6,3,3,1,3,3,0,0,3,1,3,0,0,0,0,0,0,0,0,0,NoGeroprotectors,C1C2=C(C3=CC4=C(C=C3C(=C2C(=O)O1)C5=CC6=C(C=C5)OCO6)OCO4)O
lanatoside C,NA,No geroprotectors,NA,985.122,984.493,0.5429,-5.797,20,8,674.18,0.34246,288.28,-0.90777,0.49275,0.4628,1.0557,1,69,20,0,20,26,12,9,0,63,0,9,4,5,8,9,0,4,4,0,4,5,0,0,0,0,0,0,0,0,0,NoGeroprotectors,CC1C(C(CC(O1)OC2CCC3(C(C2)CCC4C3CC(C5(C4(CCC5C6=CC(=O)OC6)O)C)O)C)O)OC7CC(C(C(O7)C)OC8CC(C(C(O8)C)OC9C(C(C(C(O9)CO)O)O)O)OC(=O)C)O
Dibutyl Phthalate,NA,No geroprotectors,NA,278.347,278.15181,4.1158,-3.578,4,0,235.84,0.19539,52.6,-6.4287,0.7,0.48056,0.70997,1,20,4,0,4,0,10,1,6,10,10,1,1,0,0,0,1,0,0,1,0,0,0,0,0,0,0,0,0,0,0,NoGeroprotectors,CCCCOC(=O)C1=CC=CC=C1C(=O)OCCCC
Mitonafide,NA,No geroprotectors,NA,313.312,313.106257,0.9662,-3.114,7,0,226.17,0.2812,86.44,0.56845,0.47826,0.35247,0.91597,1,23,7,0,7,0,4,3,10,6,1,3,2,1,0,1,2,0,0,2,0,1,0,1,1,1,0,0,1,0,0,NoGeroprotectors,CN(C)CCN1C(=O)C2=CC=CC3=CC(=CC(=C32)C1=O)[N+](=O)[O-]
avermectin,NA,No geroprotectors,NA,873.086,872.49221,5.1346,-6.382,14,3,647.67,0.23521,170.06,6.1564,0.37097,0.41832,1.043,1,62,14,0,14,20,8,7,0,50,0,6,1,5,4,6,0,0,1,0,4,5,0,0,0,0,0,0,0,0,0,NoGeroprotectors,CCC(C)C1C(C=CC2(O1)CC3CC(O2)CC=C(C(C(C=CC=C4COC5C4(C(C=C(C5O)C)C(=O)O3)O)C)OC6CC(C(C(O6)C)OC7CC(C(C(O7)C)O)OC)OC)C)C
Protodioscin,NA,No geroprotectors,NA,1049.21,1048.54543,-0.9737,-4.912,22,13,709.17,0.36705,346.06,-1.4842,0.43836,0.47911,1.0746,1,73,22,0,22,31,14,9,0,71,0,9,4,5,8,9,0,3,4,0,5,5,0,0,0,0,0,0,0,0,0,NoGeroprotectors,CC1C2C(CC3C2(CCC4C3CC=C5C4(CCC(C5)OC6C(C(C(C(O6)CO)OC7C(C(C(C(O7)C)O)O)O)O)OC8C(C(C(C(O8)C)O)O)O)C)C)OC1(CCC(C)COC9C(C(C(C(O9)CO)O)O)O)O
parthenin,NA,No geroprotectors,NA,262.304,262.12051,0.9307,-2.457,4,1,184.46,0.26662,63.6,-5.759,0.42105,0.19446,0.91574,1,19,4,0,4,5,0,3,0,11,0,3,2,1,2,3,0,1,2,0,1,1,0,0,0,0,0,0,0,0,0,NoGeroprotectors,CC1CCC2C(C3(C1(C=CC3=O)O)C)OC(=O)C2=C
oxiconazole,NA,No geroprotectors,NA,429.133,426.98127,5.429,-6.061,4,0,302.91,0.12991,39.41,5.2455,0.53846,0.39798,0.77872,1,26,8,0,8,0,6,3,17,3,0,3,2,1,0,0,3,0,0,2,0,0,1,0,0,0,0,2,1,0,0,NoGeroprotectors,C1=CC(=C(C=C1Cl)Cl)CON=C(CN2C=CN=C2)C3=C(C=C(C=C3)Cl)Cl
Mycophenolic Acid,NA,No geroprotectors,NA,320.34,320.12599,2.297,-3.014,6,2,244.49,0.29564,93.06,-0.61321,0.52174,0.48652,0.87401,1,23,6,0,6,0,6,2,6,11,0,2,1,1,1,1,1,0,0,1,1,1,0,0,0,0,0,0,0,1,0,NoGeroprotectors,CC1=C2COC(=O)C2=C(C(=C1OC)CC=C(C)CCC(=O)O)O
Phytonadione,NA,No geroprotectors,NA,450.704,450.34978,10.145,-7.516,2,0,391.55,0.066607,34.14,-2.1844,0.66667,0.61137,0.83396,1,33,2,0,2,2,14,2,6,19,1,2,2,0,0,1,1,0,1,1,0,0,0,0,0,0,0,0,0,0,0,NoGeroprotectors,CC1=C(C(=O)C2=CC=CC=C2C1=O)CC=C(C)CCCC(C)CCCC(C)CCCC(C)C
Dibutyl Phthalate,NA,No geroprotectors,NA,278.347,278.15181,4.1158,-3.578,4,0,235.84,0.19539,52.6,-6.4287,0.7,0.48056,0.70997,1,20,4,0,4,0,10,1,6,10,10,1,1,0,0,0,1,0,0,1,0,0,0,0,0,0,0,0,0,0,0,NoGeroprotectors,CCCCOC(=O)C1=CC=CC=C1C(=O)OCCCC
Ozone,NA,No geroprotectors,NA,47.997,47.984745,-1.003,-0.146,3,0,39.12,1,51.21,-2.5375,1,0,0,1,3,3,0,3,0,0,0,0,0,1,0,0,0,0,0,0,0,0,0,0,0,0,0,0,0,0,0,0,0,0,NoGeroprotectors,[O-][O+]=O
Aurantio-obtusin,NA,No geroprotectors,NA,330.291,330.073955,2.2002,-4.222,7,3,230.85,0.36985,113.29,-0.97635,0.45833,0.15491,0.94186,1,24,7,0,7,0,2,3,12,8,0,3,3,0,1,1,2,1,1,2,0,0,0,0,0,0,0,0,0,0,0,NoGeroprotectors,CC1=CC2=C(C(=C1O)OC)C(=O)C3=C(C(=C(C=C3C2=O)O)OC)O
nemorubicin,NA,No geroprotectors,NA,643.64,643.226494,0.8317,-4.07,14,5,442.83,0.35718,201.75,4.9964,0.3913,0.38764,1.0503,1,46,14,0,14,7,7,6,12,28,0,6,4,2,3,4,2,1,2,2,2,2,0,0,1,1,0,0,1,0,0,NoGeroprotectors,CC1C(C(CC(O1)OC2CC(CC3=C2C(=C4C(=C3O)C(=O)C5=C(C4=O)C(=CC=C5)OC)O)(C(=O)CO)O)N6CCOC(C6)OC)O
Bosentan,NA,No geroprotectors,NA,551.622,551.183855,3.479,-7.481,11,2,410.94,0.3091,154.03,-0.35379,0.38462,0.43288,0.898,1,39,12,0,12,0,10,4,24,12,7,4,2,2,0,0,4,0,0,2,0,0,2,1,0,0,0,4,0,0,0,NoGeroprotectors,CC(C)(C)C1=CC=C(C=C1)S(=O)(=O)NC2=C(C(=NC(=N2)C3=NC=CC=N3)OCCO)OC4=CC=CC=C4OC
Ropivacaine,NA,No geroprotectors,NA,274.406,274.204513,3.2567,-3.373,3,1,231.11,0.12137,32.34,3.4549,0.55,0.48804,0.69754,1,20,3,0,3,1,4,2,6,11,3,2,1,1,1,1,1,0,0,1,1,1,0,1,1,1,0,0,1,0,0,NoGeroprotectors,CCCN1CCCCC1C(=O)NC2=C(C=CC=C2C)C
Meloxicam,NA,No geroprotectors,NA,351.406,351.034747,1.9072,-2.641,7,2,236.1,0.42804,136.22,5.7572,0.52174,0.19702,0.91408,1,23,9,0,9,0,2,3,11,4,1,3,1,2,0,1,2,0,0,1,0,1,1,2,0,0,0,1,0,0,0,NoGeroprotectors,CC1=CN=C(S1)NC(=O)C2=C(C3=CC=CC=C3S(=O)(=O)N2C)O
Nabumetone,NA,No geroprotectors,NA,228.29,228.11503,3.3993,-3.935,2,0,187.65,0.12278,26.3,-3.9295,0.70588,0.4412,0.67019,1,17,2,0,2,0,4,2,10,5,0,2,2,0,0,0,2,0,0,2,0,0,0,0,0,0,0,0,0,0,0,NoGeroprotectors,CC(=O)CCC1=CC2=C(C=C1)C=C(C=C2)OC
Tirapazamine,NA,No geroprotectors,NA,178.151,178.049076,-0.0994,-5.615,6,1,119.24,0.45924,89.83,-3.47,0.53846,0,0.7473,1,13,6,0,6,0,0,2,10,2,0,2,1,1,0,0,2,0,0,1,0,0,1,0,1,0,1,3,1,0,0,NoGeroprotectors,C1=CC=C2C(=C1)[N+](=C(N=[N+]2[O-])N)[O-]
Tolcapone,NA,No geroprotectors,NA,273.243,273.063724,1.5205,-3.928,6,2,199.4,0.34935,103.35,-6.2978,0.55,0.52909,0.78055,1,20,6,0,6,0,3,2,12,4,2,2,2,0,0,0,2,0,0,2,0,0,0,0,0,0,0,0,0,0,0,NoGeroprotectors,CC1=CC=C(C=C1)C(=O)C2=CC(=C(C(=C2)O)O)[N+](=O)[O-]
Acridine Orange,NA,No geroprotectors,NA,265.359,265.157897,3.0853,-3.895,3,0,210.86,0.085697,19.37,0.40939,0.55,0.26787,0.74957,1,20,3,0,3,0,2,3,14,4,10,3,2,1,0,0,3,0,0,2,0,0,1,0,2,0,2,1,0,0,0,NoGeroprotectors,CN(C)C1=CC2=C(C=C1)C=C3C=CC(=CC3=N2)N(C)C
Aflatoxins,NA,No geroprotectors,NA,312.276,312.06339,1.6346,-3.266,6,0,208.96,0.31623,71.06,-2.729,0.43478,0.020291,0.97934,1,23,6,0,6,2,1,5,6,9,0,5,2,3,0,4,1,0,1,1,0,3,0,0,0,0,0,0,0,0,0,NoGeroprotectors,COC1=C2C3=C(C(=O)CC3)C(=O)OC2=C4C5C=COC5OC4=C1
Diethylstilbestrol,NA,No geroprotectors,NA,268.355,268.14633,4.5248,-3.158,2,2,220.68,0.11872,40.46,-0.78736,0.6,0.47332,0.72049,1,20,2,0,2,0,4,2,12,6,12,2,2,0,0,0,2,0,0,2,0,0,0,0,0,0,0,0,0,0,0,NoGeroprotectors,CCC(=C(CC)C1=CC=C(C=C1)O)C2=CC=C(C=C2)O
Kynurenic Acid,NA,No geroprotectors,NA,189.17,189.042594,0.2516,-2.431,4,2,137.78,0.36754,66.4,2.8123,0.57143,0.25187,0.73945,1,14,4,0,4,0,1,2,6,1,0,2,1,1,0,1,1,0,0,1,0,1,0,0,0,0,0,0,0,1,0,NoGeroprotectors,C1=CC=C2C(=C1)C(=O)C=C(N2)C(=O)O
