Name,Total Molweight,Monoisotopic Mass,cLogP,cLogS,H-Acceptors,H-Donors,Total Surface Area,Relative PSA,Polar Surface Area,Druglikeness,Shape Index,Molecular Flexibility,Molecular Complexity,Fragments,Non-H Atoms,Non-C/H Atoms,Metal-Atoms,Electronegative Atoms,Stereo Centers,Rotatable Bonds,Rings Closures,Aromatic Atoms,sp3-Atoms,Symmetric atoms,Small Rings,Carbo-Rings,Hetero-Rings,Saturated Rings,Non-Aromatic Rings,Aromatic Rings,Saturated Carbo-Rings,Non-Aromatic Carbo-Rings,Carbo-Aromatic Rings,Saturated Hetero-Rings,Non-Aromatic Hetero-Rings,Hetero-Aromatic Rings,Amides,Amines,Alkyl-Amines,Aromatic Amines,Aromatic Nitrogens,Basic Nitrogens,Acidic Oxygens,Geroprotectors,DataSet,Smile,Index,Prediction
"(R,R)-Cis-Diethyl Tetrahydro-2,8-Chrysenediol",320.431,320.17763,4.8318,-4.116,2,2,246.2,0.10642,40.46,-0.23524,0.5,0.1616,0.94206,1,24,2,0,2,2,2,4,12,10,12,4,4,0,0,2,2,0,2,2,0,0,0,0,0,0,0,0,0,0,1,Geroprotectors,CC[C@@H]1CC2=C(C=CC(=C2)O)C3=C1C4=C(C[C@H]3CC)C=C(C=C4)O,0,1
"1,2,3,4,6-Penta-O-Galloyl-B-D-Glucose",940.679,940.11819,1.8357,-3.209,26,15,619.06,0.51966,444.18,-0.25527,0.28358,0.27678,0.98639,1,67,26,0,26,5,16,6,30,27,15,6,5,1,1,1,5,0,0,5,1,1,0,0,0,0,0,0,0,0,1,Geroprotectors,Oc1cc(cc(O)c1O)C(=O)OC[C@H]1O[C@@H](OC(=O)c2cc(O)c(O)c(O)c2)[C@H](OC(=O)c2cc(O)c(O)c(O)c2)[C@@H](OC(=O)c2cc(O)c(O)c(O)c2)[C@@H]1OC(=O)c1cc(O)c(O)c(O)c1,1,1
10-Hydroxy-2-Decenoic Acid,186.25,186.125595,2.1572,-1.884,3,2,166.77,0.23529,57.53,-21.39,0.92308,0.55704,0.34657,1,13,3,0,3,0,8,0,0,9,0,0,0,0,0,0,0,0,0,0,0,0,0,0,0,0,0,0,0,1,1,Geroprotectors,C(CCC/C=C/C(=O)O)CCCO,2,0
1400W,177.25,177.126597,-0.1475,-1.874,3,2,153.05,0.27475,64.4,-0.19981,0.69231,0.51773,0.59256,1,13,3,0,3,0,3,1,6,4,0,1,1,0,0,0,1,0,0,1,0,0,0,0,1,1,0,0,2,0,1,Geroprotectors,CC(=NCC1=CC=CC(=C1)CN)N,3,1
17-A-Estradiol,272.387,272.17763,3.8766,-4.02,2,2,200.69,0.13055,40.46,0.10838,0.55,0.11198,0.87805,1,20,2,0,2,5,0,4,6,14,0,4,4,0,2,3,1,2,3,1,0,0,0,0,0,0,0,0,0,0,1,Geroprotectors,[H][C@]12CC[C@]3(C)[C@H](O)CC[C@@]3([H])[C@]1([H])CCc1cc(O)ccc21,4,1
2-(2-Aminophenyl)-1H-Benzimidazole,209.251,209.095297,2.2249,-4.048,3,2,164.47,0.2446,54.7,-0.18002,0.5625,0.30402,0.73199,1,16,3,0,3,0,1,3,15,0,0,3,2,1,0,0,3,0,0,2,0,0,1,0,1,0,1,2,1,0,1,Geroprotectors,C1=CC=C(C(=C1)C2=NC3=CC=CC=C3N2)N,5,1
2-(2-Hydroxyphenyl)-Benzoxazole,211.219,211.063329,2.1013,-4.048,3,1,161.39,0.21377,38.33,1.9295,0.5625,0.10345,0.75547,1,16,3,0,3,0,0,3,6,1,0,3,2,1,0,2,1,0,1,1,0,1,0,0,0,0,0,0,0,0,1,Geroprotectors,C1=CC=C2C(=C1)N/C(=C\3/C=CC=CC3=O)/O2,6,1
2-Deoxy-D-Glucose,164.156,164.068475,-2.3363,-0.068,5,4,123.46,0.53005,97.99,-2.1384,0.72727,0.88034,0.6271,1,11,5,0,5,3,5,0,0,9,0,0,0,0,0,0,0,0,0,0,0,0,0,0,0,0,0,0,0,0,1,Geroprotectors,C(C=O)C(C(C(CO)O)O)O,7,1
2-Mercaptoethanol,78.1346,78.013935,-0.0167,-1.134,1,1,63.23,0.56476,59.03,-6.3477,1.0,0.76343,0.0,1,4,2,0,2,0,1,0,0,4,0,0,0,0,0,0,0,0,0,0,0,0,0,0,0,0,0,0,0,0,1,Geroprotectors,C(CS)O,8,1
"2,4-Dinitrophenol",184.107,184.012023,-0.5293,-2.24,7,1,126.95,0.58243,111.87,-7.5665,0.53846,0.46766,0.72397,1,13,7,0,7,0,2,1,6,3,0,1,1,0,0,0,1,0,0,1,0,0,0,0,0,0,0,0,0,0,1,Geroprotectors,C1=CC(=C(C=C1[N+](=O)[O-])[N+](=O)[O-])O,9,1
"3,3-Diethyl-2-Pyrrolidinone",141.213,141.115364,1.3459,-1.714,2,1,119.18,0.20557,29.1,4.6125,0.5,0.49371,0.61821,1,10,2,0,2,0,2,1,0,7,2,1,0,1,1,1,0,0,0,0,1,1,0,1,0,0,0,0,0,0,1,Geroprotectors,CCC1(CCNC1=O)CC,10,0
"3,4-Dichloroisocoumarin",215.035,213.958834,2.8406,-2.599,2,0,141.27,0.16309,26.3,-3.613,0.53846,0.12498,0.73536,1,13,4,0,4,0,0,2,6,1,0,2,1,1,0,1,1,0,0,1,0,1,0,0,0,0,0,0,0,0,1,Geroprotectors,C1=CC=C2C(=C1)C(=C(OC2=O)Cl)Cl  ,11,0
4-Phenyl-3-Furoxancarbonitrile,187.158,187.038177,1.7877,-3.761,5,0,145.23,0.36425,75.28,-5.0418,0.57143,0.38459,0.6593,1,14,5,0,5,0,1,2,11,1,2,2,1,1,0,0,2,0,0,1,0,0,1,0,0,0,0,2,0,0,1,Geroprotectors,C1=CC=C(C=C1)C2=NO[N+](=C2C#N)[O-]  ,12,0
4-Phenylbutyrate,163.195,163.075905,-0.0244,-2.134,2,0,139.82,0.19539,40.13,-5.8819,0.75,0.6403,0.43984,1,12,2,0,2,0,4,1,6,4,2,1,1,0,0,0,1,0,0,1,0,0,0,0,0,0,0,0,0,0,1,Geroprotectors,C1=CC=C(C=C1)CCCC(=O)[O-]  ,13,0
4'-O-Methyl Epicatechin,478.448,478.147515,0.275,-2.431,11,7,325.5,0.41395,186.37,-0.25095,0.5,0.27929,0.93402,1,34,11,0,11,7,5,4,12,20,0,4,2,2,2,2,2,0,0,2,2,2,0,0,0,0,0,0,0,1,1,Geroprotectors,CCC1=C(C=C(C=C1)C2[C@H](CC3=C(O2)C=C(C=C3O[C@H]4C([C@H]([C@@H](C(O4)C(=O)O)O)O)O)O)O)O,14,1
"7-Cyclopentyl-5-(4-Phenoxy)Phenyl-7H-Pyrrolo[2,3-D]Pyrimidin-4-Ylamine",370.455,370.179361,4.7822,-7.175,5,1,286.66,0.18866,65.96,-1.5661,0.53571,0.39471,0.86592,1,28,5,0,5,0,4,5,21,6,6,5,3,2,1,1,4,1,1,2,0,0,2,0,1,0,1,3,0,0,1,Geroprotectors,C1CCC(C1)N2C=C(C3=C(N=CN=C32)N)C4=CC=C(C=C4)OC5=CC=CC=C5,15,0
Acarbose,645.605,645.248019,-7.1771,0.586,19,14,419.26,0.55278,321.17,-7.4039,0.47727,0.35909,0.98306,1,44,19,0,19,19,9,4,0,42,0,4,1,3,3,4,0,0,1,0,3,3,0,0,1,1,0,0,1,0,1,Geroprotectors,C[C@@H]1[C@H]([C@@H]([C@H]([C@H](O1)O[C@@H]2[C@H](O[C@@H]([C@@H]([C@H]2O)O)O[C@@H]3[C@H](OC([C@@H]([C@H]3O)O)O)CO)CO)O)O)N[C@H]4C=C([C@H]([C@@H]([C@H]4O)O)O)CO,16,1
Acetaminophen,151.164,151.063329,1.0176,-1.662,3,2,121.08,0.31054,49.33,0.44887,0.72727,0.40705,0.58889,1,11,3,0,3,0,1,1,6,2,2,1,1,0,0,0,1,0,0,1,0,0,0,1,0,0,0,0,0,0,1,Geroprotectors,CC(=O)NC1=CC=C(C=C1)O,17,1
Amn082,465.466,392.225248,5.299,-5.12,2,2,327.98,0.069882,24.06,1.2638,0.46667,0.48456,0.62421,3,30,2,0,2,0,9,4,24,6,23,4,4,0,0,0,4,0,0,4,0,0,0,0,2,2,0,0,2,0,1,Geroprotectors,C1=CC=C(C=C1)C(C2=CC=CC=C2)NCCNC(C3=CC=CC=C3)C4=CC=CC=C4.Cl.Cl  ,18,0
Amoxapine,313.787,313.098189,3.3035,-4.355,4,1,231.21,0.15795,36.86,3.0119,0.45455,0.25655,0.84323,1,22,5,0,5,0,0,4,12,6,2,4,2,2,1,2,2,0,0,2,1,2,0,0,1,1,0,0,2,0,1,Geroprotectors,C1CN(CCN1)C2=NC3=CC=CC=C3OC4=C2C=C(C=C4)Cl  ,19,0
Amperozide Hydrochloride,437.96,401.227868,4.621,-3.889,4,1,316.87,0.099725,35.58,7.0587,0.58621,0.51161,0.73864,2,29,6,0,6,0,7,3,12,11,11,3,2,1,1,1,2,0,0,2,1,1,0,2,1,1,0,0,1,0,1,Geroprotectors,CCNC(=O)N1CCN(CC1)CCCC(C2=CC=C(C=C2)F)C3=CC=C(C=C3)F.Cl  ,20,0
Ascorbic Acid,176.124,176.03209,-2.4646,-0.349,6,4,114.83,0.65697,107.22,0.023806,0.58333,0.40905,0.74811,1,12,6,0,6,2,2,1,0,8,0,1,0,1,0,1,0,0,0,0,0,1,0,0,0,0,0,0,0,0,1,Geroprotectors,C([C@@H]([C@@H]1C(=C(C(=O)O1)O)O)O)O  ,21,1
Aspirin,180.159,180.04226,1.1314,-1.929,4,1,137.37,0.35801,63.6,-1.6343,0.53846,0.22196,0.69052,1,13,4,0,4,0,3,1,6,3,0,1,1,0,0,0,1,0,0,1,0,0,0,0,0,0,0,0,0,1,1,Geroprotectors,CC(=O)OC1=CC=CC=C1C(=O)O,22,0
Bacitracin,1422.71,1421.74894,-7.5135,-6.14,33,17,1093.4,0.39747,556.17,2.7215,0.35,0.4849,0.98965,1,100,34,0,34,15,31,4,11,47,3,3,1,2,0,1,2,0,0,1,0,1,1,12,2,2,0,2,3,2,1,Geroprotectors,CC[C@H](C)[C@H]1C(=O)N[C@@H](C(=O)N[C@H](C(=O)N[C@@H](C(=O)N[C@H](C(=O)NCCCC[C@@H](C(=O)N[C@@H](C(=O)N1)CCCN)NC(=O)[C@H]([C@@H](C)CC)NC(=O)[C@@H](CCC(=O)O)NC(=O)[C@H](CC(C)C)NC(=O)[C@@H]2CSC(=N2)[C@H]([C@@H](C)CC)N)CC(=O)N)CC(=O)O)CC3=CN=CN3)CC4=CC=CC=C4,23,1
Baicalein,270.239,270.052825,2.3357,-2.856,5,3,191.03,0.32634,86.99,0.28194,0.55,0.23316,0.83396,1,20,5,0,5,0,1,3,12,4,2,3,2,1,0,1,2,0,0,2,0,1,0,0,0,0,0,0,0,0,1,Geroprotectors,C1=CC=C(C=C1)C2=CC(=O)C3=C(O2)C=C(C(=C3O)O)O  ,24,1
Beauveriolide I,487.639,487.304622,3.3055,-4.591,8,3,394.0,0.24503,113.6,-0.50814,0.42857,0.46254,0.81145,1,35,8,0,8,5,8,2,6,18,3,1,1,0,0,0,1,0,0,1,0,0,0,3,0,0,0,0,0,0,1,Geroprotectors,CCCC[C@H](C)[C@@H]1CC(=O)N[C@H](C(=O)N[C@H](C(=O)N[C@@H](C(=O)O1)CC(C)C)C)CC2=CC=CC=C2,25,1
Berberine,336.366,336.123584,0.5223,-4.669,5,0,243.72,0.17545,40.8,-2.2467,0.52,0.10463,0.93546,1,25,5,0,5,0,2,5,16,9,0,5,2,3,1,2,3,0,0,2,1,2,1,0,0,0,0,1,0,0,1,Geroprotectors,COC1=C(C2=C[N+]3=C(C=C2C=C1)C4=CC5=C(C=C4CC3)OCO5)OC  ,26,0
Beta-Estradiol,272.387,272.17763,3.8766,-4.02,2,2,200.69,0.13055,40.46,0.10838,0.55,0.11198,0.87805,1,20,2,0,2,5,0,4,6,14,0,4,4,0,2,3,1,2,3,1,0,0,0,0,0,0,0,0,0,0,1,Geroprotectors,C[C@]12CC[C@H]3[C@H]([C@@H]1CC[C@@H]2O)CCC4=C3C=CC(=C4)O  ,27,1
Bezafibrate,347.797,347.092436,2.9719,-3.963,5,2,264.03,0.22967,75.63,1.476,0.70833,0.57591,0.6593,1,24,6,0,6,1,7,2,12,6,4,2,2,0,0,0,2,0,0,2,0,0,0,1,0,0,0,0,0,1,1,Geroprotectors,C(C)(C(=O)O)OC1=CC=C(C=C1)CCNC(=O)C2=CC=C(C=C2)Cl,28,0
Brl 15572,406.955,406.18119,4.8524,-4.412,3,1,315.45,0.064035,26.71,6.874,0.51724,0.51824,0.72141,1,29,4,0,4,1,6,4,18,9,10,4,3,1,1,1,3,0,0,3,1,1,0,0,2,1,1,0,1,0,1,Geroprotectors,C1CN(CCN1CC(C(C2=CC=CC=C2)C3=CC=CC=C3)O)C4=CC(=CC=C4)Cl  ,29,0
Brl 50481,244.27,244.051778,0.3005,-1.559,6,0,172.59,0.36242,91.58,-7.5184,0.5,0.49051,0.74499,1,16,7,0,7,0,2,1,6,5,2,1,1,0,0,0,1,0,0,1,0,0,0,1,0,0,0,0,0,0,1,Geroprotectors,CC1=C(C=C(C=C1)[N+](=O)[O-])S(=O)(=O)N(C)C,30,0
BTCP Hydrochloride,335.941,299.170769,5.0584,-4.816,1,0,235.11,0.1017,31.48,0.57265,0.47619,0.40121,0.81096,2,21,2,0,2,0,2,4,9,12,4,4,2,2,2,2,2,1,1,1,1,1,1,0,1,1,0,0,1,0,1,Geroprotectors,C1CCC(CC1)(C2=CC3=CC=CC=C3S2)N4CCCCC4.Cl  ,31,0
Buformin,157.22,157.132745,-0.3173,-2.295,5,3,138.54,0.49682,102.78,-1.3875,0.81818,0.37124,0.49698,1,11,5,0,5,0,3,0,0,4,1,0,0,0,0,0,0,0,0,0,0,0,0,0,0,0,0,0,2,0,1,Geroprotectors,CCCCN=C(N)N=C(N)N,32,1
Butein,272.255,272.068475,1.921,-2.656,5,4,202.67,0.32289,97.99,0.13358,0.65,0.42181,0.68031,1,20,5,0,5,0,3,2,12,4,0,2,2,0,0,0,2,0,0,2,0,0,0,0,0,0,0,0,0,0,1,Geroprotectors,C1=CC(=C(C=C1/C=C/C(=O)C2=C(C=C(C=C2)O)O)O)O  ,33,1
Butylated Hydroxytoluene,220.355,220.182715,4.8216,-3.984,1,1,186.25,0.070336,20.23,-5.276,0.4375,0.50111,0.63126,1,16,1,0,1,0,2,1,6,10,8,1,1,0,0,0,1,0,0,1,0,0,0,0,0,0,0,0,0,0,1,Geroprotectors,CC1=CC(=C(C(=C1)C(C)(C)C)O)C(C)(C)C,34,0
CaEDTA,292.243,292.090668,-6.1434,1.67,10,4,213.06,0.52408,155.68,-7.634,0.5,0.82716,0.56446,1,20,10,0,10,0,11,0,0,12,14,0,0,0,0,0,0,0,0,0,0,0,0,0,2,2,0,0,2,4,1,Geroprotectors,C(CN(CC(=O)O)CC(=O)O)N(CC(=O)O)CC(=O)O,35,1
Caffeic Acid,180.159,180.04226,0.7825,-1.407,4,3,136.56,0.38327,77.76,0.1675,0.69231,0.39892,0.61059,1,13,4,0,4,0,2,1,6,3,0,1,1,0,0,0,1,0,0,1,0,0,0,0,0,0,0,0,0,1,1,Geroprotectors,C1=CC(=C(C=C1/C=C/C(=O)O)O)O,36,1
Caffeine,194.193,194.080376,-0.1784,-1.144,6,0,140.6,0.36287,58.44,2.5858,0.5,0.011997,0.81859,1,14,6,0,6,0,0,2,5,3,0,2,0,2,0,1,1,0,0,0,0,1,1,2,0,0,0,2,0,0,1,Geroprotectors,CN1C=NC2=C1C(=O)N(C(=O)N2C)C,37,0
Carbenicillin,378.404,378.088558,0.6887,-1.88,8,3,254.14,0.43622,149.31,9.8387,0.5,0.3868,0.90501,1,26,9,0,9,4,5,3,6,10,3,4,1,3,3,3,1,0,0,1,3,3,0,2,0,0,0,0,0,2,1,Geroprotectors,CC1([C@@H](N2[C@H](S1)[C@@H](C2=O)NC(=O)C(C3=CC=CC=C3)C(=O)O)C(=O)O)C,38,1
Carbonyl Cyanide M-Chlorophenyl Hydrazone,204.62,204.020273,2.7238,-3.147,4,1,166.53,0.30079,71.97,-5.31,0.64286,0.31987,0.55597,1,14,5,0,5,0,2,1,6,0,2,1,1,0,0,0,1,0,0,1,0,0,0,0,0,0,0,0,0,0,1,Geroprotectors, C1=CC(=CC(=C1)Cl)NN=C(C#N)C#N,39,0
Carbonylcyanide-P-Trifluoromethoxyphenylhydrazone,254.171,254.041545,3.2168,-3.434,5,1,190.57,0.31532,81.2,-13.556,0.66667,0.49399,0.58959,1,18,8,0,8,0,4,1,6,2,6,1,1,0,0,0,1,0,0,1,0,0,0,0,0,0,0,0,0,0,1,Geroprotectors,FC(F)(F)Oc1ccc(NN=C(C#N)C#N)cc1,40,0
Carnosine,226.235,226.106591,-3.9673,-0.417,7,4,177.2,0.51281,121.1,-7.6705,0.625,0.62318,0.63297,1,16,7,0,7,1,6,1,5,6,0,1,0,1,0,0,1,0,0,0,0,0,1,1,1,1,0,2,2,1,1,Geroprotectors,C1=C(NC=N1)C[C@@H](C(=O)O)NC(=O)CCN  ,41,1
Catechin,290.27,290.07904,1.5087,-1.764,6,5,200.03,0.37744,110.38,0.31525,0.52381,0.283,0.8227,1,21,6,0,6,2,1,3,12,9,0,3,2,1,0,1,2,0,0,2,0,1,0,0,0,0,0,0,0,0,1,Geroprotectors,C1[C@@H]([C@H](OC2=CC(=CC(=C21)O)O)C3=CC(=C(C=C3)O)O)O  ,42,1
Celecoxib,381.377,381.075881,2.5888,-4.174,5,1,259.56,0.23767,86.36,-8.1085,0.5,0.47398,0.82757,1,26,9,0,9,0,4,3,17,3,7,3,2,1,0,0,3,0,0,2,0,0,1,1,0,0,0,2,0,0,1,Geroprotectors,CC1=CC=C(C=C1)C2=CC(=NN2C3=CC=C(C=C3)S(=O)(=O)N)C(F)(F)F  ,43,0
Chicoric Acid,474.373,474.07983,0.4222,-2.392,12,6,340.12,0.44326,208.12,-2.8439,0.58824,0.41954,0.79048,1,34,12,0,12,2,11,2,12,10,17,2,2,0,0,0,2,0,0,2,0,0,0,0,0,0,0,0,0,2,1,Geroprotectors,C1=CC(=C(C=C1/C=C/C(=O)O[C@@H](C(=O)O)[C@@H](OC(=O)/C=C/C2=CC(=C(C=C2)O)O)C(=O)O)O)O,44,1
Chloramphenicol,323.131,322.012327,-0.4248,-2.367,7,3,220.94,0.36716,115.38,-2.4605,0.6,0.57521,0.67279,1,20,9,0,9,2,6,1,6,7,3,1,1,0,0,0,1,0,0,1,0,0,0,1,0,0,0,0,0,0,1,Geroprotectors,C1=CC(=CC=C1[C@H]([C@@H](CO)NC(=O)C(Cl)Cl)O)[N+](=O)[O-],45,0
Chlorprothixene Hydrochloride,352.328,315.084846,5.1216,-4.558,1,0,239.48,0.087857,28.54,3.8043,0.47619,0.31674,0.84556,2,21,3,0,3,0,3,3,12,6,1,3,2,1,0,1,2,0,0,2,0,1,0,0,1,1,0,0,1,0,1,Geroprotectors,CN(C)CC/C=C\1/C2=CC=CC=C2SC3=C1C=C(C=C3)Cl.Cl  ,46,0
Chromium Picolinate,418.304,123.032029,0.1978,-0.858,3,1,96.12,0.38608,50.19,-1.5746,0.66667,0.31008,0.72259,4,9,3,0,3,0,1,1,6,1,0,1,0,1,0,0,1,0,0,0,0,0,1,0,0,0,0,1,0,1,1,Geroprotectors,C1=CC=NC(=C1)C(=O)[O-].C1=CC=NC(=C1)C(=O)[O-].C1=CC=NC(=C1)C(=O)[O-].[Cr+3]  ,47,0
Ciclopirox Olamine,268.356,207.125929,1.4285,-2.587,3,1,163.88,0.18117,40.54,-6.5699,0.53333,0.35547,0.69969,2,15,3,0,3,0,1,2,0,8,2,2,1,1,1,2,0,1,1,0,0,1,0,0,0,0,0,0,0,0,1,Geroprotectors,CC1=CC(=O)N(C(=C1)C2CCCCC2)O.C(CO)N,48,0
Cinnarizine,368.522,368.225248,5.256,-3.799,2,0,307.68,0.023076,6.48,6.5107,0.57143,0.39231,0.63962,1,28,2,0,2,0,6,4,18,8,12,4,3,1,1,1,3,0,0,3,1,1,0,0,2,2,0,0,2,0,1,Geroprotectors,C1CN(CCN1C/C=C/C2=CC=CC=C2)C(C3=CC=CC=C3)C4=CC=CC=C4  ,49,0
Cis-(Z)-Flupenthixol Dihydrochloride,507.446,434.163967,4.9219,-3.962,3,1,314.71,0.11976,52.01,1.7318,0.53333,0.41162,0.85449,3,30,7,0,7,0,6,4,12,13,4,4,2,2,1,2,2,0,0,2,1,2,0,0,2,2,0,0,2,0,1,Geroprotectors,C1CN(CCN1CC/C=C\2/C3=CC=CC=C3SC4=C2C=C(C=C4)C(F)(F)F)CCO.Cl.Cl,50,0
Clofibrate,242.701,242.070972,2.8997,-3.06,3,0,187.38,0.17633,35.53,-5.4068,0.6875,0.65301,0.59413,1,16,4,0,4,0,5,1,6,7,3,1,1,0,0,0,1,0,0,1,0,0,0,0,0,0,0,0,0,0,1,Geroprotectors,CCOC(=O)C(C)(C)OC1=CC=C(C=C1)Cl,51,0
Cortexolone Maleate,612.746,496.250811,3.988,-4.206,7,1,381.92,0.15891,73.5,2.8572,0.57143,0.50541,0.84972,2,35,8,0,8,0,9,4,16,16,4,4,3,1,1,1,3,0,0,3,1,1,0,1,3,1,2,0,1,0,1,Geroprotectors,CN(C)C1=CC=CC2=C1C=CC=C2S(=O)(=O)NCCCCN3CCN(CC3)C4=CC=CC=C4OC.C(=C\C(=O)O)\C(=O)O,52,0
Creatine,131.134,131.069477,-1.388,0.693,5,3,102.75,0.58939,90.41,-0.53335,0.66667,0.8118,0.57565,1,9,5,0,5,0,2,0,0,3,0,0,0,0,0,0,0,0,0,0,0,0,0,0,0,0,0,0,1,1,1,Geroprotectors,CN(CC(=O)O)C(=N)N,53,1
Curcumin,368.384,368.12599,2.949,-3.622,6,2,292.5,0.24711,93.06,-4.7745,0.62963,0.53568,0.71096,1,27,6,0,6,0,8,2,12,7,13,2,2,0,0,0,2,0,0,2,0,0,0,0,0,0,0,0,0,0,1,Geroprotectors,COC1=C(C=CC(=C1)/C=C/C(=O)CC(=O)/C=C/C2=CC(=C(C=C2)O)OC)O  ,54,0
Cyclosporin A,1202.63,1201.84137,2.9037,-4.026,23,5,961.6,0.2363,278.8,6.7856,0.29412,0.54829,1.0029,1,85,23,0,23,12,15,1,0,50,6,0,0,0,0,0,0,0,0,0,0,0,0,11,0,0,0,0,0,0,1,Geroprotectors,CC[C@H]1C(=O)N(CC(=O)N([C@H](C(=O)N[C@H](C(=O)N([C@H](C(=O)N[C@H](C(=O)N[C@@H](C(=O)N([C@H](C(=O)N([C@H](C(=O)N([C@H](C(=O)N([C@H](C(=O)N1)[C@@H]([C@H](C)C/C=C/C)O)C)C(C)C)C)CC(C)C)C)CC(C)C)C)C)C)CC(C)C)C)C(C)C)CC(C)C)C)C  ,55,1
Cyproterone Acetate,416.943,416.175437,3.7275,-5.101,4,0,285.66,0.17195,60.44,1.6827,0.44828,0.18632,1.0229,1,29,5,0,5,8,3,5,0,18,0,6,6,0,3,6,0,3,6,0,0,0,0,0,0,0,0,0,0,0,1,Geroprotectors,CC(=O)[C@]1(CC[C@@H]2[C@@]1(CC[C@H]3[C@H]2C=C(C4=CC(=O)[C@@H]5C[C@@H]5[C@]34C)Cl)C)OC(=O)C  ,56,0
Cysteamine,77.1506,77.029919,-0.4145,-1.21,1,1,65.4,0.5792,64.82,-6.1884,1.0,0.66089,0.0,1,4,2,0,2,0,1,0,0,4,0,0,0,0,0,0,0,0,0,0,0,0,0,0,1,1,0,0,1,0,1,Geroprotectors,C(CS)N,57,1
D-Chiro-Inositol,180.155,180.06339,-3.0606,0.244,6,6,113.1,0.69496,121.38,-4.4182,0.5,0.38657,0.6452,1,12,6,0,6,0,0,1,0,12,10,1,1,0,1,1,0,1,1,0,0,0,0,0,0,0,0,0,0,0,1,Geroprotectors,C1(C(C(C(C(C1O)O)O)O)O)O,58,1
D-Glucosamine,179.171,179.079374,-3.0186,0.175,6,5,120.18,0.64628,116.17,0.12186,0.58333,0.39614,0.74997,1,12,6,0,6,5,1,1,0,12,0,1,0,1,1,1,0,0,0,0,1,1,0,0,1,1,0,0,1,0,1,Geroprotectors,C([C@@H]1[C@H]([C@@H]([C@H](C(O1)O)N)O)O)O  ,59,1
D-Pinitol,194.182,194.07904,-2.6327,0.116,6,5,129.01,0.58523,110.38,-3.7296,0.53846,0.34534,0.78341,1,13,6,0,6,6,1,1,0,13,0,1,1,0,1,1,0,1,1,0,0,0,0,0,0,0,0,0,0,0,1,Geroprotectors,COC1[C@@H]([C@H](C([C@@H]([C@@H]1O)O)O)O)O,60,1
Dafadine-A,391.47,391.189592,3.7956,-3.827,6,0,310.36,0.20183,68.46,5.9411,0.62069,0.42289,0.75619,1,29,6,0,6,0,5,4,17,9,7,4,1,3,1,1,3,0,0,1,1,1,2,1,0,0,0,2,0,0,1,Geroprotectors,CC1=C(C(=CC=C1)C)OCC2=CC(=NO2)C(=O)N3CCC(CC3)C4=CC=NC=C4  ,61,0
Danazol,337.461,337.204179,3.4638,-4.884,3,1,252.15,0.15142,46.26,2.0688,0.48,0.12405,0.96444,1,25,3,0,3,6,0,5,5,16,0,5,4,1,3,4,1,3,4,0,0,0,1,0,0,0,0,1,0,0,1,Geroprotectors,C[C@]12CC[C@H]3[C@H]([C@@H]1CC[C@]2(C#C)O)CCC4=CC5=C(C[C@]34C)C=NO5,62,1
DAPH,329.358,329.116427,3.8015,-5.143,5,3,249.16,0.24266,70.23,1.53,0.48,0.37908,0.83354,1,25,5,0,5,0,4,4,18,0,14,4,3,1,0,1,3,0,0,3,0,1,0,1,2,0,2,0,0,0,1,Geroprotectors,C1=CC=C(C=C1)NC2=C(C=C3C(=C2)C(=O)NC3=O)NC4=CC=CC=C4,63,1
Demeclocycline,464.857,464.098645,-1.0468,-1.587,10,6,296.53,0.41628,181.62,5.0376,0.375,0.24784,1.0747,1,32,11,0,11,5,2,4,6,14,1,4,4,0,1,3,1,1,3,1,0,0,0,1,1,1,0,0,1,0,1,Geroprotectors,CN(C)[C@H]1[C@@H]2C[C@@H]3[C@@H](C4=C(C=CC(=C4C(=C3C(=O)[C@@]2(C(=C(C1=O)C(=O)N)O)O)O)O)Cl)O,64,1
Deprenyl,187.285,187.136099,2.0991,-2.244,1,0,171.91,0.02065,3.24,5.8738,0.71429,0.66252,0.47603,1,14,1,0,1,1,4,1,6,6,2,1,1,0,0,0,1,0,0,1,0,0,0,0,1,1,0,0,1,0,1,Geroprotectors,CC(CC1=CC=CC=C1)N(C)CC#C,65,0
DHhP-6,576.839,576.430747,10.965,-5.453,4,2,511.45,0.10406,76.57,-21.03,0.775,0.74142,0.63126,1,40,5,0,5,1,22,0,0,27,2,0,0,0,0,0,0,0,0,0,0,0,0,0,0,0,0,0,0,2,1,Geroprotectors,CC(CC/C=C(\C)/CC/C=C(\C)/CC/C=C(\C)/CC/C=C(\C)/CC/C=C(\C)/CCC=C(C)C)CCOP(=O)(O)O  ,66,0
Diazaborine,300.145,300.073993,2.8386,-1.306,5,1,216.37,0.26224,78.35,-10.583,0.57143,0.44972,0.82582,1,21,7,0,6,0,1,3,12,3,3,3,2,1,0,1,2,0,0,2,0,1,0,0,0,0,0,0,0,0,1,Geroprotectors,B1(C2=CC=CC=C2C=NN1S(=O)(=O)C3=CC=C(C=C3)C)O  ,67,0
Dibromoacetic Acid,217.844,215.842152,0.5944,-1.441,2,1,87.36,0.29922,37.3,-10.57,0.66667,0.63462,0.89588,1,6,4,0,4,0,1,0,0,2,1,0,0,0,0,0,0,0,0,0,0,0,0,0,0,0,0,0,0,1,1,Geroprotectors,C(C(=O)O)(Br)Br,68,0
Dichloroacetate,127.934,126.935359,-1.7436,-1.157,2,0,82.12,0.33268,40.13,-1.8222,0.66667,0.63462,0.89588,1,6,4,0,4,0,1,0,0,2,1,0,0,0,0,0,0,0,0,0,0,0,0,0,0,0,0,0,0,0,1,Geroprotectors,C(C(=O)[O-])(Cl)Cl,69,0
Didanosine,236.23,236.090941,-0.5618,-2.422,7,2,170.82,0.45047,88.74,-0.52141,0.58824,0.31844,0.81997,1,17,7,0,7,2,2,3,5,7,0,3,0,3,1,2,1,0,0,0,1,2,1,1,0,0,0,2,1,0,1,Geroprotectors,C1C[C@@H](O[C@@H]1CO)N2C=NC3=C2N=CNC3=O,70,1
Dihydroergotamine Methanesulfonate,679.793,583.27947,3.3492,-3.851,10,3,405.81,0.24228,118.21,10.461,0.4186,0.28526,1.0783,2,43,10,0,10,7,4,8,15,19,2,8,3,5,4,5,3,0,1,2,4,4,1,3,1,1,0,1,1,0,1,Geroprotectors,C[C@@]1(C(=O)N2[C@H](C(=O)N3CCC[C@H]3[C@@]2(O1)O)CC4=CC=CC=C4)NC(=O)[C@@H]5C[C@H]6[C@@H](CC7=CNC8=CC=CC6=C78)N(C5)C.CS(=O)(=O)O  ,71,0
Dimebolin,319.451,319.204847,3.0433,-2.748,3,0,257.96,0.08292,21.06,6.2707,0.54167,0.37243,0.89423,1,24,3,0,3,0,3,4,15,9,0,4,1,3,0,1,3,0,0,1,0,1,2,0,1,1,0,2,1,0,1,Geroprotectors,CC1=CC2=C(C=C1)N(C3=C2CN(CC3)C)CCC4=CN=C(C=C4)C  ,72,0
Dimethyl Formamide,73.0946,73.052764,-0.4497,-0.258,2,0,67.86,0.24447,20.31,0.34492,0.8,0.59124,0.54931,1,5,2,0,2,0,0,0,0,2,1,0,0,0,0,0,0,0,0,0,0,0,0,1,0,0,0,0,0,0,1,Geroprotectors,CN(C)C=O,73,0
Dimethyl Sulfoxide,78.1346,78.013935,-1.2837,-0.044,1,0,60.74,0.37405,36.28,-1.4555,0.75,0.0,0.0,1,4,2,0,2,0,0,0,0,3,1,0,0,0,0,0,0,0,0,0,0,0,0,0,0,0,0,0,0,0,1,Geroprotectors,CS(=O)C,74,1
Doxazosin Mesylate,547.587,451.18557,2.1379,-4.1,10,1,330.83,0.29426,112.27,8.8653,0.57576,0.33384,0.88077,2,33,10,0,10,1,4,5,16,12,2,5,2,3,1,2,3,0,0,2,1,2,1,1,2,0,2,2,2,0,1,Geroprotectors,COC1=C(C=C2C(=C1)C(=NC(=N2)N3CCN(CC3)C(=O)C4COC5=CC=CC=C5O4)N)OC.CS(=O)(=O)O,75,0
Doxycycline,444.439,444.153268,-1.0999,-1.368,10,6,292.11,0.42258,181.62,5.077,0.375,0.25055,1.0718,1,32,10,0,10,6,2,4,6,15,1,4,4,0,1,3,1,1,3,1,0,0,0,1,1,1,0,0,1,0,1,Geroprotectors,C[C@@H]1[C@H]2[C@@H]([C@H]3[C@@H](C(=O)C(=C([C@]3(C(=O)C2=C(C4=C1C=CC=C4O)O)O)O)C(=O)N)N(C)C)O,76,1
Eliprodil,347.86,347.145219,4.1935,-3.995,2,1,265.5,0.062712,23.47,4.7908,0.70833,0.45566,0.67279,1,24,4,0,4,1,5,3,12,10,6,3,2,1,1,1,2,0,0,2,1,1,0,0,1,1,0,0,1,0,1,Geroprotectors,C1CN(CCC1CC2=CC=C(C=C2)F)CC(C3=CC=C(C=C3)Cl)O,77,0
Ellagic Acid,302.194,302.00627,1.2774,-3.286,8,4,186.92,0.52686,133.52,-1.5983,0.45455,0.062267,1.0031,1,22,8,0,8,0,0,4,12,6,11,4,2,2,0,2,2,0,0,2,0,2,0,0,0,0,0,0,0,0,1,Geroprotectors,C1=C2C3=C(C(=C1O)O)OC(=O)C4=CC(=C(C(=C43)OC2=O)O)O,78,1
Enalapril,376.451,376.199823,-0.0245,-2.477,7,2,295.7,0.26118,95.94,0.77856,0.51852,0.61487,0.77499,1,27,7,0,7,3,10,2,6,14,2,2,1,1,1,1,1,0,0,1,1,1,0,1,1,1,0,0,1,1,1,Geroprotectors,CCOC(=O)[C@H](CCC1=CC=CC=C1)N[C@@H](C)C(=O)N2CCC[C@H]2C(=O)O  ,79,0
Epigallocatechin Gallate,458.374,458.084915,2.0543,-2.16,11,8,306.59,0.44959,197.37,-0.32874,0.42424,0.28881,0.87051,1,33,11,0,11,2,4,4,18,13,6,4,3,1,0,1,3,0,0,3,0,1,0,0,0,0,0,0,0,0,1,Geroprotectors,C1[C@H]([C@H](OC2=CC(=CC(=C21)O)O)C3=CC(=C(C(=C3)O)O)O)OC(=O)C4=CC(=C(C(=C4)O)O)O,80,1
Erbstatin Analogue,179.174,179.058244,0.3231,-2.05,4,3,143.46,0.35341,69.56,-0.54615,0.69231,0.30796,0.63811,1,13,4,0,4,0,2,1,6,2,0,1,1,0,0,0,1,0,0,1,0,0,0,1,0,0,0,0,0,0,1,Geroprotectors,C1=CC(=C(C=C1O)/C=C/NC=O)O  ,81,1
Ethidium Bromide,394.315,314.165722,-0.102,-5.526,3,2,242.58,0.13727,55.92,-2.3571,0.41667,0.19752,0.87805,2,24,3,0,3,0,2,4,20,2,2,4,3,1,0,0,4,0,0,3,0,0,1,0,2,0,2,1,0,0,1,Geroprotectors,CC[N+]1=C2C=C(C=CC2=C3C=CC(=CC3=C1C4=CC=CC=C4)N)N.[Br-]  ,82,1
Ethosuximide,141.169,141.078979,0.3253,-1.426,3,1,109.41,0.34311,46.17,4.8883,0.6,0.34074,0.7167,1,10,3,0,3,1,1,1,0,5,0,1,0,1,1,1,0,0,0,0,1,1,0,1,0,0,0,0,0,0,1,Geroprotectors,CCC1(CC(=O)NC1=O)C  ,83,1
Ethylene-Diamine-Tetra-Acetic Acid,292.243,292.090668,-6.1434,1.67,10,4,213.06,0.52408,155.68,-7.634,0.5,0.82716,0.56446,1,20,10,0,10,0,11,0,0,12,14,0,0,0,0,0,0,0,0,0,0,0,0,0,2,2,0,0,2,4,1,Geroprotectors,C(CN(CC(=O)O)CC(=O)O)N(CC(=O)O)CC(=O)O,84,1
Euk-134,416.742,328.142308,2.4426,-3.052,6,2,267.28,0.25898,83.64,1.7037,0.66667,0.45717,0.72049,3,24,6,0,6,0,7,2,12,8,12,2,2,0,0,0,2,0,0,2,0,0,0,0,0,0,0,0,2,0,1,Geroprotectors, COC1=CC=CC(=C1[O-])C=NCCN=CC2=C(C(=CC=C2)OC)[O-].[Cl-].[Mn+3]  ,85,0
Euk-8,356.69,268.121178,2.5826,-3.016,4,2,222.76,0.22096,65.18,1.8296,0.7,0.46633,0.60279,3,20,4,0,4,0,5,2,12,4,10,2,2,0,0,0,2,0,0,2,0,0,0,0,0,0,0,0,2,0,1,Geroprotectors,C1=CC=C(C(=C1)C=NCCN=CC2=CC=CC=C2[O-])[O-].[Cl-].[Mn+3]  ,86,0
Everolimus,958.235,957.581359,6.4181,-6.634,15,3,754.43,0.22275,204.66,1.9808,0.36765,0.40657,0.96293,1,68,15,0,15,15,9,4,0,49,0,3,1,2,3,3,0,1,1,0,2,2,0,1,0,0,0,0,0,0,1,Geroprotectors,C[C@@H]1CC[C@H]2C[C@@H](/C(=C/C=C/C=C/[C@H](C[C@H](C(=O)[C@@H]([C@@H](/C(=C/[C@H](C(=O)C[C@H](OC(=O)[C@@H]3CCCCN3C(=O)C(=O)[C@@]1(O2)O)[C@H](C)C[C@@H]4CC[C@H]([C@@H](C4)OC)OCCO)C)/C)O)OC)C)C)/C)OC,87,1
Fasudil,291.374,291.104147,1.0944,-1.767,5,1,212.26,0.25704,70.68,3.0027,0.5,0.39572,0.78175,1,20,6,0,6,0,1,3,10,7,1,3,1,2,1,1,2,0,0,1,1,1,1,1,1,1,0,1,1,0,1,Geroprotectors,C1CNCCN(C1)S(=O)(=O)C2=CC=CC3=C2C=CN=C3  ,88,0
Fenofibrate,360.836,360.112837,4.389,-5.538,4,0,275.89,0.16702,52.6,-2.3394,0.64,0.61318,0.71389,1,25,5,0,5,0,7,2,12,8,6,2,2,0,0,0,2,0,0,2,0,0,0,0,0,0,0,0,0,0,1,Geroprotectors,CC(C)OC(=O)C(C)(C)OC1=CC=C(C=C1)C(=O)C2=CC=C(C=C2)Cl,89,0
Ferulsinaic Acid,398.497,398.209325,4.8707,-4.852,5,1,311.31,0.1901,72.83,-2.3775,0.48276,0.45771,0.86391,1,29,5,0,5,4,7,3,6,15,1,3,2,1,1,2,1,1,1,1,0,1,0,0,0,0,0,0,0,1,1,Geroprotectors,C[C@H]1C[C@H]([C@@]([C@@H]1COC2=CC3=C(C=C2)C=CC(=O)O3)(C)CCC(=O)O)C=C(C)C  ,90,0
Fisetin,286.238,286.04774,1.8359,-2.787,6,4,195.59,0.3857,107.22,-0.082832,0.52381,0.29798,0.83766,1,21,6,0,6,0,1,3,12,5,0,3,2,1,0,1,2,0,0,2,0,1,0,0,0,0,0,0,0,0,1,Geroprotectors,C1=CC(=C(C=C1C2=C(C(=O)C3=C(O2)C=C(C=C3)O)O)O)O,91,1
Fumarate,114.056,113.99531,-5.0708,-0.246,4,0,90.56,0.60336,80.26,-0.47043,0.75,0.57697,0.64864,1,8,4,0,4,0,2,0,0,2,4,0,0,0,0,0,0,0,0,0,0,0,0,0,0,0,0,0,0,0,1,Geroprotectors,C(=C/C(=O)[O-])\C(=O)[O-],92,1
Gallic Acid,170.12,170.021525,0.1076,-0.741,5,4,116.41,0.56215,97.99,-1.8442,0.58333,0.29781,0.64864,1,12,5,0,5,0,1,1,6,4,3,1,1,0,0,0,1,0,0,1,0,0,0,0,0,0,0,0,0,1,1,Geroprotectors,C1=C(C=C(C(=C1O)O)O)C(=O)O,93,1
Genistein,270.239,270.052825,1.6272,-2.727,5,3,191.03,0.32634,86.99,-0.093853,0.6,0.29499,0.80083,1,20,5,0,5,0,1,3,12,4,2,3,2,1,0,1,2,0,0,2,0,1,0,0,0,0,0,0,0,0,1,Geroprotectors,C1=CC(=CC=C1C2=COC3=CC(=CC(=C3C2=O)O)O)O,94,1
Ggti-298,479.643,479.224262,4.0172,-7.258,6,3,375.98,0.25767,132.25,-2.0781,0.44118,0.49636,0.84479,1,34,7,0,7,2,11,3,16,12,1,3,3,0,0,0,3,0,0,3,0,0,0,1,2,1,1,0,1,0,1,Geroprotectors,CC(C)C[C@@H](C(=O)OC)NC(=O)C1=C(C=C(C=C1)NC[C@H](CS)N)C2=CC=CC3=CC=CC=C32,95,0
Glaucarubinone,494.535,494.2152,-0.1354,-2.812,10,4,323.58,0.37555,159.82,2.5476,0.37143,0.29729,1.1078,1,35,10,0,10,12,4,5,0,27,0,6,3,3,5,6,0,2,3,0,3,3,0,0,0,0,0,0,0,0,1,Geroprotectors,CC[C@@](C)(C(=O)O[C@@H]1[C@H]2[C@H]([C@H]([C@]3([C@H]4[C@@]2(CO3)[C@@H](C[C@@H]5[C@@]4([C@@H](C(=O)C=C5C)O)C)OC1=O)O)O)C)O,96,1
Glutathione,307.326,307.083807,-4.8991,-0.99,9,5,224.54,0.61976,197.62,-23.224,0.65,0.66166,0.61292,1,20,10,0,10,2,9,0,0,10,0,0,0,0,0,0,0,0,0,0,0,0,0,2,1,1,0,0,1,2,1,Geroprotectors,C(CC(=O)N[C@@H](CS)C(=O)NCC(=O)O)[C@@H](C(=O)O)N  ,97,1
Glycerol,92.0935,92.047345,-1.4436,0.159,3,3,72.57,0.54155,60.69,-3.0756,0.83333,0.80023,0.69315,1,6,3,0,3,0,2,0,0,6,2,0,0,0,0,0,0,0,0,0,0,0,0,0,0,0,0,0,0,0,1,Geroprotectors,C(C(CO)O)O  ,98,1
Guanabenz Acetate,291.137,230.0126,3.0853,-4.462,4,2,168.87,0.31717,76.76,1.5916,0.64286,0.3546,0.59188,2,14,6,0,6,0,2,1,6,0,4,1,1,0,0,0,1,0,0,1,0,0,0,0,0,0,0,0,1,0,1,Geroprotectors,CC(=O)O.C1=CC(=C(C(=C1)Cl)/C=N/N=C(N)N)Cl  ,99,0
Guanfacine Hydrochloride,282.557,245.012266,1.5176,-3.743,4,2,175.62,0.31369,81.47,0.29663,0.6,0.62224,0.64597,2,15,6,0,6,0,2,1,6,1,4,1,1,0,0,0,1,0,0,1,0,0,0,0,0,0,0,0,1,0,1,Geroprotectors,C1=CC(=C(C(=C1)Cl)CC(=O)N=C(N)N)Cl.Cl,100,0
Ha-1004,293.35,293.094645,-0.3791,-2.45,7,3,214.19,0.43447,131.84,2.2716,0.6,0.48622,0.74577,1,20,8,0,8,0,4,2,10,3,2,2,1,1,0,0,2,0,0,1,0,0,1,1,0,0,0,1,1,0,1,Geroprotectors,C1=CC2=C(C=CN=C2)C(=C1)S(=O)(=O)NCCN=C(N)N  ,101,1
Hexahydro-Sila-Difenidol Hydrochloride,331.574,331.233141,4.9222,-4.345,2,1,267.79,0.062176,23.47,-25.896,0.52174,0.49552,0.69646,1,23,3,0,2,1,6,3,6,16,6,3,2,1,2,2,1,1,1,1,1,1,0,0,1,1,0,0,1,0,1,Geroprotectors,C1CCC(CC1)[Si](CCCN2CCCCC2)(C3=CC=CC=C3)O,102,0
Ibuprofen,206.284,206.13068,3.0025,-2.895,2,1,172.9,0.15119,37.3,0.0805,0.66667,0.62095,0.56446,1,15,2,0,2,1,4,1,6,7,3,1,1,0,0,0,1,0,0,1,0,0,0,0,0,0,0,0,0,1,1,Geroprotectors,CC(C)CC1=CC=C(C=C1)C(C)C(=O)O  ,103,0
Indirubin,262.267,262.074228,2.5427,-4.502,4,2,190.76,0.27071,65.45,1.8559,0.5,0.27995,0.87651,1,20,4,0,4,0,1,4,15,1,0,4,2,2,0,1,3,0,0,2,0,1,1,0,0,0,0,1,0,0,1,Geroprotectors,C1=CC=C2C(=C1)C(=C(N2)O)C3=NC4=CC=CC=C4C3=O,104,1
Juglone,174.155,174.031695,1.0937,-2.546,3,1,128.11,0.30583,54.37,0.2862,0.46154,0.1338,0.7473,1,13,3,0,3,0,0,2,6,1,0,2,2,0,0,1,1,0,1,1,0,0,0,0,0,0,0,0,0,0,1,Geroprotectors,C1=CC2=C(C(=O)C=CC2=O)C(=C1)O,105,1
Kaempferol,286.238,286.04774,1.8359,-2.787,6,4,195.59,0.3857,107.22,-0.082832,0.52381,0.27571,0.83562,1,21,6,0,6,0,1,3,12,5,2,3,2,1,0,1,2,0,0,2,0,1,0,0,0,0,0,0,0,0,1,Geroprotectors,C1=CC(=CC=C1C2=C(C(=O)C3=C(C=C(C=C3O2)O)O)O)O,106,1
Kanamycin,484.501,484.238061,-7.4739,0.141,15,11,320.31,0.60185,282.61,2.6543,0.45455,0.29418,0.93298,1,33,15,0,15,15,6,3,0,33,0,3,1,2,3,3,0,1,1,0,2,2,0,0,4,4,0,0,4,0,1,Geroprotectors,C1[C@H]([C@@H]([C@H]([C@@H]([C@H]1N)O[C@@H]2[C@@H]([C@H]([C@@H]([C@H](O2)CN)O)O)O)O)O[C@@H]3[C@@H]([C@H]([C@@H]([C@H](O3)CO)O)N)O)N  ,107,1
Kenpaullone,327.18,326.005474,3.2837,-5.144,3,2,205.29,0.18749,44.89,0.10819,0.5,0.060004,0.89932,1,20,4,0,4,0,0,4,15,1,0,4,2,2,0,1,3,0,0,2,0,1,1,1,0,0,0,1,0,0,1,Geroprotectors,C1C2=C(C3=CC=CC=C3NC1=O)NC4=C2C=C(C=C4)Br  ,108,1
Ketanserin Tartrate,545.518,395.16452,2.5214,-4.31,6,1,292.74,0.19703,69.72,6.3764,0.62069,0.47254,0.8218,2,29,7,0,7,0,5,4,12,8,4,4,2,2,1,2,2,0,0,2,1,2,0,2,1,1,0,0,1,0,1,Geroprotectors,C1CN(CCC1C(=O)C2=CC=C(C=C2)F)CCN3C(=O)C4=CC=CC=C4NC3=O.C(C(C(=O)O)O)(C(=O)O)O,109,0
Kinetin,215.215,215.08071,0.5841,-3.258,6,2,168.38,0.4304,79.63,0.62438,0.5625,0.38511,0.72942,1,16,6,0,6,0,3,3,14,1,0,3,0,3,0,0,3,0,0,0,0,0,3,0,1,0,1,4,1,0,1,Geroprotectors, C1=COC(=C1)CNC2=NC=NC3=C2NC=N3  ,110,1
Kn-93,501.045,500.153655,3.6817,-4.96,6,1,379.79,0.15477,78.46,5.9946,0.58824,0.57297,0.83685,1,34,8,0,8,0,10,3,18,10,5,3,3,0,0,0,3,0,0,3,0,0,0,1,1,1,0,0,1,0,1,Geroprotectors,CN(C/C=C/C1=CC=C(C=C1)Cl)CC2=CC=CC=C2N(CCO)S(=O)(=O)C3=CC=C(C=C3)OC,111,0
"L-744,832",559.79,559.274977,1.0643,-4.399,9,3,437.26,0.30979,184.0,-2.4716,0.43243,0.62774,0.77749,1,37,11,0,11,5,19,1,6,24,4,1,1,0,0,0,1,0,0,1,0,0,0,1,2,2,0,0,2,0,1,Geroprotectors,CC[C@H](C)[C@@H](COC(CC1=CC=CC=C1)C(=O)N[C@@H](CCS(=O)(=O)C)C(=O)OC(C)C)NC[C@H](CS)N,112,0
L-Theanine,174.199,174.100443,-2.9986,-0.713,5,3,141.37,0.46622,92.42,-15.847,0.75,0.64477,0.55452,1,12,5,0,5,1,5,0,0,7,0,0,0,0,0,0,0,0,0,0,0,0,0,1,1,1,0,0,1,1,1,Geroprotectors,CCNC(=O)CC[C@@H](C(=O)O)N,113,1
Lamotrigine,256.096,255.007849,1.596,-4.359,5,2,177.18,0.35811,90.71,-1.6419,0.5625,0.38528,0.77933,1,16,7,0,7,0,1,2,12,0,0,2,1,1,0,0,2,0,0,1,0,0,1,0,2,0,2,3,0,0,1,Geroprotectors,C1=CC(=C(C(=C1)Cl)Cl)C2=C(N=C(N=N2)N)N  ,114,1
Lfm-A13,360.005,357.89525,3.1556,-4.141,4,2,202.97,0.25206,73.12,-3.8555,0.52941,0.45631,0.69315,1,17,6,0,6,0,2,1,6,2,0,1,1,0,0,0,1,0,0,1,0,0,0,1,0,0,0,0,0,0,1,Geroprotectors,C/C(=C(\C#N)/C(=O)NC1=C(C=CC(=C1)Br)Br)/O  ,115,0
Lithocholic Acid,376.579,376.297745,4.8836,-5.278,3,2,286.41,0.13701,57.53,-0.41453,0.55556,0.28323,0.91456,1,27,3,0,3,9,4,4,0,25,0,4,4,0,4,4,0,4,4,0,0,0,0,0,0,0,0,0,0,1,1,Geroprotectors,C[C@H](CCC(=O)O)[C@H]1CC[C@@H]2[C@@]1(CC[C@H]3[C@H]2CC[C@H]4[C@@]3(CC[C@H](C4)O)C)C  ,116,0
Lonidamine,321.162,320.011932,3.1474,-4.183,4,1,224.28,0.19609,55.12,3.1787,0.52381,0.44053,0.83726,1,21,6,0,6,0,3,3,15,2,0,3,2,1,0,0,3,0,0,2,0,0,1,0,0,0,0,2,0,1,1,Geroprotectors,C1=CC=C2C(=C1)C(=NN2CC3=C(C=C(C=C3)Cl)Cl)C(=O)O,117,0
Loratadine,382.89,382.144805,4.9774,-4.776,4,0,289.75,0.12963,42.43,-4.251,0.51852,0.21881,0.92918,1,27,5,0,5,0,2,4,12,9,2,4,2,2,1,2,2,0,1,1,1,1,1,1,0,0,0,1,0,0,1,Geroprotectors,CCOC(=O)N1CCC(=C2C3=C(CCC4=C2N=CC=C4)C=C(C=C3)Cl)CC1,118,0
Loxapine Succinate,445.902,327.113839,3.5564,-3.993,4,0,242.31,0.11807,28.07,7.1637,0.47826,0.25491,0.84556,2,23,5,0,5,0,0,4,12,7,2,4,2,2,1,2,2,0,0,2,1,2,0,0,1,1,0,0,2,0,1,Geroprotectors,CN1CCN(CC1)C2=NC3=CC=CC=C3OC4=C2C=C(C=C4)Cl.C(CC(=O)O)C(=O)O,119,0
"Ly-367,265",452.553,452.168224,3.0638,-5.63,6,1,317.31,0.16772,68.03,3.0557,0.53125,0.43419,0.94303,1,32,8,0,8,0,4,6,15,10,1,6,2,4,1,3,3,0,0,2,1,3,1,2,1,1,0,1,1,0,1,Geroprotectors,C1CC2=C3C(=CC=C2)N(S(=O)(=O)N3C1)CCN4CCC(=CC4)C5=CNC6=C5C=CC(=C6)F,120,0
Ly294002,307.348,307.120844,3.4476,-5.432,4,0,233.82,0.15649,38.77,2.0905,0.52174,0.3062,0.84206,1,23,4,0,4,0,2,4,12,6,4,4,2,2,1,2,2,0,0,2,1,2,0,0,0,0,0,0,0,0,1,Geroprotectors,C1COCCN1C2=CC(=O)C3=C(O2)C(=CC=C3)C4=CC=CC=C4,121,0
Malate,134.087,134.021525,-1.6884,-0.075,5,3,94.31,0.69325,94.83,0.70851,0.66667,0.75112,0.62123,1,9,5,0,5,1,3,0,0,5,0,0,0,0,0,0,0,0,0,0,0,0,0,0,0,0,0,0,0,2,1,Geroprotectors,C(C(C(=O)O)O)C(=O)O,122,1
Maltose,342.296,342.116215,-4.4579,0.551,11,8,219.82,0.61323,189.53,-7.6104,0.47826,0.33338,0.8486,1,23,11,0,11,10,4,2,0,23,0,2,0,2,2,2,0,0,0,0,2,2,0,0,0,0,0,0,0,0,1,Geroprotectors,C([C@@H]1[C@H]([C@@H]([C@H]([C@H](O1)O[C@@H]2[C@H](O[C@H]([C@@H]([C@H]2O)O)O)CO)O)O)O)O  ,123,1
Melatonin,232.282,232.121178,1.4722,-2.429,4,2,188.68,0.257,54.12,2.8914,0.64706,0.45862,0.73864,1,17,4,0,4,0,4,2,9,5,0,2,1,1,0,0,2,0,0,1,0,0,1,1,0,0,0,1,0,0,1,Geroprotectors,CC(=O)NCCC1=CNC2=C1C=C(C=C2)OC,124,1
Metergoline,403.524,403.225977,3.9608,-4.176,5,1,310.15,0.14483,46.5,-7.3817,0.56667,0.3865,0.9393,1,30,5,0,5,3,5,5,15,12,2,5,3,2,1,2,3,0,1,2,1,1,1,1,1,1,0,1,1,0,1,Geroprotectors,CN1C[C@@H](C[C@H]2[C@H]1CC3=CN(C4=CC=CC2=C34)C)CNC(=O)OCC5=CC=CC=C5,125,0
Metformin,129.166,129.101445,-1.5398,-0.133,5,3,108.64,0.56333,91.49,1.2053,0.66667,0.48059,0.57565,1,9,5,0,5,0,0,0,0,2,2,0,0,0,0,0,0,0,0,0,0,0,0,0,0,0,0,0,2,0,1,Geroprotectors,CN(C)C(=N)N=C(N)N,126,1
Methionine Sulfoximine,180.227,180.056863,-3.3344,-0.69,5,3,129.54,0.56006,112.62,-14.296,0.63636,0.75843,0.56664,1,11,6,0,6,2,4,0,0,7,0,0,0,0,0,0,0,0,0,0,0,0,0,0,1,1,0,0,1,1,1,Geroprotectors,CS(=N)(=O)CCC(C(=O)O)N  ,127,1
Methiothepin,356.557,356.138088,4.4246,-3.453,2,0,267.42,0.15736,57.08,7.8118,0.45833,0.26501,0.84008,1,24,4,0,4,1,2,4,12,12,2,4,2,2,1,2,2,0,0,2,1,2,0,0,2,2,0,0,2,0,1,Geroprotectors,CN1CCN(CC1)C2CC3=CC=CC=C3SC4=C2C=C(C=C4)SC,128,0
Methylergonovine Maleate,455.509,339.194677,1.3291,-2.512,5,3,258.06,0.21367,68.36,8.0208,0.48,0.2511,0.93789,2,25,5,0,5,3,4,4,9,11,0,4,2,2,0,2,2,0,1,1,0,1,1,1,1,1,0,1,1,0,1,Geroprotectors,CC[C@@H](CO)NC(=O)[C@H]1CN([C@@H]2CC3=CNC4=CC=CC(=C34)C2=C1)C.C(=C\C(=O)O)\C(=O)O,129,0
Metoprolol,267.368,267.183444,1.4818,-2.092,4,2,227.89,0.19553,50.72,6.6921,0.78947,0.64491,0.54381,1,19,4,0,4,1,9,1,6,13,3,1,1,0,0,0,1,0,0,1,0,0,0,0,1,1,0,0,1,0,1,Geroprotectors,CC(C)NCC(COC1=CC=C(C=C1)CCOC)O,130,0
Mianserin,264.371,264.162648,3.3133,-2.94,2,0,206.42,0.034396,6.48,5.5031,0.45,0.12367,0.84087,1,20,2,0,2,1,0,4,12,8,0,4,2,2,1,2,2,0,0,2,1,2,0,0,2,1,1,0,1,0,1,Geroprotectors,CN1CCN2C(C1)C3=CC=CC=C3CC4=CC=CC=C42,131,0
Minocycline,457.481,457.184902,-1.0304,-1.435,10,5,310.84,0.36639,164.63,4.9434,0.39394,0.28904,1.0523,1,33,10,0,10,4,3,4,6,16,2,4,4,0,1,3,1,1,3,1,0,0,0,1,2,1,1,0,1,0,1,Geroprotectors,CN(C)[C@H]1[C@@H]2C[C@@H]3CC4=C(C=CC(=C4C(=C3C(=O)[C@@]2(C(=C(C1=O)C(=O)N)O)O)O)O)N(C)C,132,1
Morphine,285.342,285.136494,1.2567,-2.547,4,2,192.71,0.20627,52.93,5.0881,0.42857,0.12658,1.0331,1,21,4,0,4,5,0,5,6,13,0,5,3,2,2,4,1,0,2,1,2,2,0,0,1,1,0,0,1,0,1,Geroprotectors,CN1CC[C@]23[C@@H]4[C@H]1CC5=C2C(=C(C=C5)O)O[C@H]3[C@H](C=C4)O,133,1
Myricetin,318.236,318.03757,1.1445,-2.195,8,6,208.29,0.48797,147.68,-0.082832,0.47826,0.3008,0.85557,1,23,8,0,8,0,1,3,12,7,3,3,2,1,0,1,2,0,0,2,0,1,0,0,0,0,0,0,0,0,1,Geroprotectors, C1=C(C=C(C(=C1O)O)O)C2=C(C(=O)C3=C(C=C(C=C3O2)O)O)O,134,1
Myxothiazol,487.687,487.196332,5.3302,-3.873,6,1,396.46,0.2799,143.81,3.8068,0.63636,0.50426,0.80599,1,33,8,0,8,3,12,2,10,12,1,2,0,2,0,0,2,0,0,0,0,0,2,1,0,0,0,2,0,0,1,Geroprotectors,C[C@@H](/C=C/C=C/C(C)C)C1=NC(=CS1)C2=NC(=CS2)/C=C/[C@@H]([C@@H](C)/C(=C\C(=O)N)/OC)OC  ,135,0
N-(2-[4-(4-Chlorophenyl)Piperazin-1-Yl]Ethyl)-3-Methoxybenzamide,373.883,373.155704,2.9078,-3.212,5,1,289.57,0.14366,44.81,6.7032,0.69231,0.56059,0.69969,1,26,6,0,6,0,6,3,12,9,4,3,2,1,1,1,2,0,0,2,1,1,0,1,2,1,1,0,1,0,1,Geroprotectors, COC1=CC=CC(=C1)C(=O)NCCN2CCN(CC2)C3=CC=C(C=C3)Cl,136,0
N-acetyl-L-cysteine,163.196,163.030314,-0.9233,-1.261,4,2,121.19,0.60442,105.2,-13.049,0.6,0.65377,0.69315,1,10,5,0,5,1,3,0,0,5,0,0,0,0,0,0,0,0,0,0,0,0,0,1,0,0,0,0,0,1,1,Geroprotectors, CC(=O)N[C@@H](CS)C(=O)O,137,1
N-Nitrosodimethylamine,74.0826,74.048013,-0.1376,0.198,3,0,66.12,0.42498,32.67,-1.303,0.8,0.67268,0.54931,1,5,3,0,3,0,0,0,0,2,1,0,0,0,0,0,0,0,0,0,0,0,0,0,0,0,0,0,0,0,1,Geroprotectors,CN(C)N=O,138,1
Naftopidil Dihydrochloride,465.419,392.209993,3.42,-3.966,5,1,308.39,0.13035,45.17,6.7593,0.58621,0.443,0.76856,3,29,5,0,5,1,7,4,16,13,2,4,3,1,1,1,3,0,0,3,1,1,0,0,2,1,1,0,1,0,1,Geroprotectors,COC1=CC=CC=C1N2CCN(CC2)CC(COC3=CC=CC4=CC=CC=C43)O.Cl.Cl  ,139,0
Naphthazarin,190.154,190.02661,0.748,-2.25,4,2,134.46,0.38881,74.6,0.2862,0.42857,0.13288,0.79493,1,14,4,0,4,0,0,2,6,2,7,2,2,0,0,1,1,0,1,1,0,0,0,0,0,0,0,0,0,0,1,Geroprotectors,C1=CC(=C2C(=O)C=CC(=O)C2=C1O)O,140,1
Nebivolol,405.44,405.175165,2.6271,-4.433,5,3,295.44,0.19517,70.95,0.42835,0.65517,0.52237,0.83521,1,29,7,0,7,4,6,4,12,15,14,4,2,2,0,2,2,0,0,2,0,2,0,0,1,1,0,0,1,0,1,Geroprotectors,C1CC2=C(C=CC(=C2)F)OC1C(CNCC(C3CCC4=C(O3)C=CC(=C4)F)O)O,141,0
Nicardipine Hydrochloride,515.992,479.205637,2.672,-3.978,9,1,369.11,0.24792,113.69,2.2831,0.48571,0.52744,0.87338,2,35,9,0,9,1,11,3,12,12,2,3,2,1,0,1,2,0,0,2,0,1,0,0,1,1,0,0,1,0,1,Geroprotectors,CC1=C(C(C(=C(N1)C)C(=O)OCCN(C)CC2=CC=CC=C2)C3=CC(=CC=C3)[N+](=O)[O-])C(=O)OC.Cl  ,142,0
Nicotinamide Adenine Dinucleotide,663.428,663.109127,-12.767,-1.013,21,7,422.53,0.59153,340.71,-45.257,0.52273,0.5963,0.96157,1,44,23,0,23,10,11,5,15,23,0,5,0,5,2,2,3,0,0,0,2,2,3,1,1,0,1,5,1,1,1,Geroprotectors,C1=CC(=C[N+](=C1)[C@H]2[C@@H]([C@@H]([C@H](O2)COP(=O)([O-])OP(=O)(O)OC[C@@H]3[C@H]([C@H]([C@@H](O3)N4C=NC5=C(N=CN=C54)N)O)O)O)O)C(=O)N,143,1
Nitrendipine,360.365,360.132138,1.9604,-3.532,8,1,271.53,0.32394,110.45,-4.5286,0.42308,0.4648,0.86187,1,26,8,0,8,1,7,2,6,9,0,2,1,1,0,1,1,0,0,1,0,1,0,0,0,0,0,0,0,0,1,Geroprotectors,CCOC(=O)C1=C(NC(=C(C1C2=CC(=CC=C2)[N+](=O)[O-])C(=O)OC)C)C,144,0
Nitroflurbiprofen,361.368,361.132552,3.8472,-5.758,6,0,280.59,0.22617,81.35,-7.3088,0.69231,0.56001,0.7473,1,26,7,0,7,1,10,2,12,9,2,2,2,0,0,0,2,0,0,2,0,0,0,0,0,0,0,0,0,0,1,Geroprotectors,CC(C1=CC(=C(C=C1)C2=CC=CC=C2)F)C(=O)OCCCCO[N+](=O)[O-],145,0
Nordihydroguaiaretic Acid,302.369,302.15181,3.8236,-2.93,4,4,235.46,0.22254,80.92,-2.4175,0.63636,0.63466,0.70285,1,22,4,0,4,2,5,2,12,10,11,2,2,0,0,0,2,0,0,2,0,0,0,0,0,0,0,0,0,0,1,Geroprotectors, CC(CC1=CC(=C(C=C1)O)O)C(C)CC2=CC(=C(C=C2)O)O,146,1
Nortriptyline Hydrochloride,299.844,263.167399,4.1391,-4.036,1,1,222.99,0.051392,12.03,0.60377,0.5,0.2729,0.808,2,20,1,0,1,0,3,3,12,6,7,3,3,0,0,1,2,0,1,2,0,0,0,0,1,1,0,0,1,0,1,Geroprotectors, CNCCC=C1C2=CC=CC=C2CCC3=CC=CC=C31.Cl,147,0
Octoclothepin Maleate,460.981,344.111395,4.5534,-3.341,2,0,253.09,0.097159,31.78,7.788,0.47826,0.23435,0.84556,2,23,4,0,4,1,1,4,12,10,2,4,2,2,1,2,2,0,0,2,1,2,0,0,2,2,0,0,2,0,1,Geroprotectors,CN1CCN(CC1)C2CC3=CC=CC=C3SC4=C2C=C(C=C4)Cl.C(=C\C(=O)O)\C(=O)O,148,0
Oleoylethanolamide,325.535,325.298079,6.1524,-4.336,3,2,307.98,0.12209,49.33,-23.448,0.95652,0.6038,0.42796,1,23,3,0,3,0,17,0,0,18,0,0,0,0,0,0,0,0,0,0,0,0,0,1,0,0,0,0,0,0,1,Geroprotectors,CCCCCCCC/C=C\CCCCCCCC(=O)NCCO,149,0
Oxaloacetic Acid,132.071,132.005875,-1.7196,-0.126,5,2,93.21,0.70078,91.67,-14.216,0.66667,0.73621,0.62123,1,9,5,0,5,0,3,0,0,3,0,0,0,0,0,0,0,0,0,0,0,0,0,0,0,0,0,0,0,2,1,Geroprotectors,C(C(=O)C(=O)O)C(=O)O,150,1
Oxatomide,426.562,426.241961,4.2761,-4.379,5,1,334.71,0.10502,38.82,8.9482,0.53125,0.40486,0.77117,1,32,5,0,5,0,7,5,18,10,10,5,3,2,1,2,3,0,0,3,1,2,0,2,2,2,0,0,2,0,1,Geroprotectors,C1CN(CCN1CCCN2C3=CC=CC=C3NC2=O)C(C4=CC=CC=C4)C5=CC=CC=C5  ,151,0
Oxoline,188.138,188.01096,0.298,-2.374,4,0,130.76,0.3989,68.28,-5.7046,0.5,0.01862,0.75619,1,14,4,0,4,0,0,2,6,0,7,2,2,0,0,1,1,0,1,1,0,0,0,0,0,0,0,0,0,0,1,Geroprotectors,C1=CC=C2C(=C1)C(=O)C(=O)C(=O)C2=O,152,0
Papp,349.399,349.176581,3.4572,-3.51,3,1,260.66,0.085821,32.5,0.35122,0.64,0.51465,0.71581,1,25,6,0,6,0,5,3,12,8,6,3,2,1,1,1,2,0,0,2,1,1,0,0,3,1,2,0,1,0,1,Geroprotectors,C1CN(CCN1CCC2=CC=C(C=C2)N)C3=CC=CC(=C3)C(F)(F)F,153,0
Paraquat,186.257,186.115698,-6.5302,-1.438,2,0,152.14,0.036282,7.76,-2.515,0.71429,0.39049,0.58491,1,14,2,0,2,0,1,2,12,2,9,2,0,2,0,0,2,0,0,0,0,0,2,0,0,0,0,2,0,0,1,Geroprotectors,C[N+]1=CC=C(C=C1)C2=CC=[N+](C=C2)C,154,1
Pd-98059,267.283,267.089544,2.6255,-3.838,4,1,202.76,0.23826,61.55,0.54223,0.55,0.25945,0.81905,1,20,4,0,4,0,2,3,12,3,0,3,2,1,0,1,2,0,0,2,0,1,0,0,1,0,1,0,0,0,1,Geroprotectors,COC1=CC=CC(=C1N)C2=CC(=O)C3=CC=CC=C3O2  ,155,0
Pergolide Methanesulfonate,410.601,314.181668,4.1329,-4.053,2,1,242.8,0.14428,44.33,4.1219,0.45455,0.28305,0.93004,2,22,3,0,3,3,4,4,9,13,0,4,2,2,1,2,2,0,1,1,1,1,1,0,1,1,0,1,1,0,1,Geroprotectors,CCCN1C[C@@H](C[C@H]2[C@H]1CC3=CNC4=CC=CC2=C34)CSC.CS(=O)(=O)O  ,156,0
Phenformin,205.264,205.132745,0.2158,-2.89,5,3,172.28,0.39952,102.78,0.68939,0.73333,0.45841,0.44158,1,15,5,0,5,0,3,1,6,2,3,1,1,0,0,0,1,0,0,1,0,0,0,0,0,0,0,0,2,0,1,Geroprotectors,C1=CC=C(C=C1)CCN=C(N)N=C(N)N,157,1
Phosphonoformic Acid,126.004,125.971812,-3.6932,0.263,5,3,74.07,0.93641,104.64,-12.601,0.57143,0.77353,0.76753,1,7,6,0,6,0,1,0,0,4,1,0,0,0,0,0,0,0,0,0,0,0,0,0,0,0,0,0,0,3,1,Geroprotectors,C(=O)(O)P(=O)(O)O,158,1
Pioglitazone,356.445,356.119463,3.0808,-3.835,5,1,272.53,0.27887,93.59,3.9631,0.72,0.5076,0.70697,1,25,6,0,6,1,7,3,12,8,2,3,1,2,1,1,2,0,0,1,1,1,1,1,0,0,0,1,0,0,1,Geroprotectors,CCC1=CN=C(C=C1)CCOC2=CC=C(C=C2)CC3C(=O)NC(=O)S3,159,0
Polydatin,390.387,390.13147,0.8402,-2.75,8,6,280.38,0.35167,139.84,-4.3466,0.57143,0.37952,0.81243,1,28,8,0,8,5,5,3,12,14,2,3,2,1,1,1,2,0,0,2,1,1,0,0,0,0,0,0,0,0,1,Geroprotectors, C1=CC(=CC=C1/C=C/C2=CC(=CC(=C2)O[C@H]3[C@@H]([C@H]([C@@H]([C@H](O3)CO)O)O)O)O)O,160,1
Pp2,301.78,301.109422,2.6556,-5.741,5,1,224.23,0.24551,69.62,1.5254,0.47619,0.35269,0.85194,1,21,6,0,6,0,2,3,15,4,4,3,1,2,0,0,3,0,0,1,0,0,2,0,1,0,1,4,0,0,1,Geroprotectors,CC(C)(C)N1C2=NC=NC(=C2C(=N1)C3=CC=C(C=C3)Cl)N,161,0
Promethazine Hydrochloride,320.887,284.134718,3.9058,-4.173,2,0,220.65,0.11144,31.78,6.0737,0.45,0.34377,0.8153,2,20,3,0,3,1,3,3,12,8,7,3,2,1,0,1,2,0,0,2,0,1,0,0,2,1,1,0,1,0,1,Geroprotectors,CC(CN1C2=CC=CC=C2SC3=CC=CC=C31)N(C)C.Cl  ,162,0
Propionylpromazine Hydrochloride,376.951,340.160933,4.3265,-5.019,3,0,267.18,0.14084,48.85,5.8728,0.5,0.38369,0.84127,2,24,4,0,4,0,6,3,12,10,1,3,2,1,0,1,2,0,0,2,0,1,0,0,2,1,1,0,1,0,1,Geroprotectors,CCC(=O)C1=CC2=C(C=C1)SC3=CC=CC=C3N2CCCN(C)C.Cl,163,0
Psora-4,334.37,334.12051,4.636,-5.522,4,0,263.1,0.17921,48.67,-9.2706,0.6,0.44238,0.85157,1,25,4,0,4,0,6,4,15,6,2,4,2,2,0,1,3,0,0,2,0,1,1,0,0,0,0,0,0,0,1,Geroprotectors,C1=CC=C(C=C1)CCCCOC2=C3C=CC(=O)OC3=CC4=C2C=CO4,164,0
Pyrrolidine Dithiocarbamate,147.265,147.017639,1.3655,-2.216,1,0,113.91,0.47546,74.13,-0.70513,0.625,0.3874,0.59947,1,8,3,0,3,0,0,1,0,6,2,1,0,1,1,1,0,0,0,0,1,1,0,0,0,0,0,0,0,0,1,Geroprotectors,C1CCN(C1)C(=S)S,165,1
Quercetin,302.237,302.042655,1.4902,-2.491,7,5,201.94,0.43845,127.45,-0.082832,0.5,0.28915,0.85194,1,22,7,0,7,0,1,3,12,6,0,3,2,1,0,1,2,0,0,2,0,1,0,0,0,0,0,0,0,0,1,Geroprotectors,C1=CC(=C(C=C1C2=C(C(=O)C3=C(C=C(C=C3O2)O)O)O)O)O,166,1
Quinidine Sulfate,746.923,324.183778,2.6104,-3.097,4,1,248.11,0.15163,45.59,1.0933,0.54167,0.32926,0.88521,3,24,4,0,4,5,4,4,10,12,0,5,1,4,3,3,2,0,0,1,3,3,1,0,1,1,0,1,1,0,1,Geroprotectors,COC1=CC2=C(C=CN=C2C=C1)[C@@H]([C@H]3C[C@@H]4CCN3C[C@@H]4C=C)O.COC1=CC2=C(C=CN=C2C=C1)[C@@H]([C@H]3C[C@@H]4CCN3C[C@@H]4C=C)O.OS(=O)(=O)O,167,0
Rapamycin,914.182,913.555144,6.5106,-6.713,14,3,716.91,0.22046,195.43,2.3788,0.33846,0.39174,0.95654,1,65,14,0,14,15,6,4,0,46,0,3,1,2,3,3,0,1,1,0,2,2,0,1,0,0,0,0,0,0,1,Geroprotectors,C[C@@H]1CC[C@H]2C[C@@H](/C(=C/C=C/C=C/[C@H](C[C@H](C(=O)[C@@H]([C@@H](/C(=C/[C@H](C(=O)C[C@H](OC(=O)[C@@H]3CCCCN3C(=O)C(=O)[C@@]1(O2)O)[C@H](C)C[C@@H]4CC[C@H]([C@@H](C4)OC)O)C)/C)O)OC)C)C)/C)OC,168,1
Resveratrol,228.246,228.078645,2.8295,-2.864,3,3,178.57,0.22008,60.69,-1.6732,0.64706,0.39358,0.60693,1,17,3,0,3,0,2,2,12,3,5,2,2,0,0,0,2,0,0,2,0,0,0,0,0,0,0,0,0,0,1,Geroprotectors,C1=CC(=CC=C1/C=C/C2=CC(=CC(=C2)O)O)O,169,1
Rifampicin,822.95,822.405126,4.7129,-6.304,16,6,614.94,0.28408,220.15,10.525,0.37288,0.32645,1.0571,1,59,16,0,16,9,5,5,10,33,2,4,2,2,2,2,2,0,0,2,2,2,0,1,1,1,0,0,1,0,1,Geroprotectors,C[C@H]1/C=C/C=C(\C(=O)NC2=C(C(=C3C(=C2O)C(=C(C4=C3C(=O)[C@](O4)(O/C=C/[C@@H]([C@H]([C@H]([C@@H]([C@@H]([C@@H]([C@H]1O)C)O)C)OC(=O)C)C)OC)C)C)O)O)/C=N/N5CCN(CC5)C)/C  ,170,1
Rosmarinic Acid,360.317,360.08452,1.4502,-2.231,8,5,263.03,0.38619,144.52,-3.8118,0.61538,0.45192,0.71292,1,26,8,0,8,1,7,2,12,8,0,2,2,0,0,0,2,0,0,2,0,0,0,0,0,0,0,0,0,1,1,Geroprotectors,C1=CC(=C(C=C1C[C@H](C(=O)O)OC(=O)/C=C/C2=CC(=C(C=C2)O)O)O)O,171,1
Santokvin,217.311,217.146664,2.5505,-2.964,2,1,179.14,0.11979,21.26,-0.021042,0.625,0.26352,0.76251,1,16,2,0,2,0,2,2,6,7,1,2,1,1,0,1,1,0,0,1,0,1,0,0,1,0,1,0,0,0,1,Geroprotectors,CCOC1=CC2=C(C=C1)NC(C=C2C)(C)C,172,0
SB203580,377.442,377.09981,3.5687,-5.242,4,1,280.96,0.20875,77.85,-0.19517,0.51852,0.37213,0.83016,1,27,6,0,6,1,4,4,23,2,6,4,2,2,0,0,4,0,0,2,0,0,2,0,0,0,0,3,1,0,1,Geroprotectors, CS(=O)C1=CC=C(C=C1)C2=NC(=C(N2)C3=CC=NC=C3)C4=CC=C(C=C4)F,173,0
Simvastatin,418.572,418.271925,4.4608,-4.75,5,1,327.83,0.18052,72.83,0.66833,0.46667,0.42856,0.87651,1,30,5,0,5,7,7,3,0,22,1,3,2,1,1,3,0,0,2,0,1,1,0,0,0,0,0,0,0,0,1,Geroprotectors,CCC(C)(C)C(=O)O[C@H]1C[C@H](C=C2[C@H]1[C@H]([C@H](C=C2)C)CC[C@@H]3C[C@H](CC(=O)O3)O)C,174,0
Sodium Butyrate,110.088,88.05243,0.6097,-0.999,2,1,77.38,0.33781,37.3,-3.94,0.83333,0.72958,0.80472,2,6,2,0,2,0,2,0,0,4,0,0,0,0,0,0,0,0,0,0,0,0,0,0,0,0,0,0,0,1,1,Geroprotectors,CCCC(=O)[O-].[Na+],175,0
Sp600125,220.231,220.063663,2.4774,-4.482,3,1,160.2,0.2372,45.75,1.371,0.47059,0.01189,0.88404,1,17,3,0,3,0,0,4,15,0,0,4,3,1,0,1,3,0,1,2,0,0,1,0,0,0,0,2,0,0,1,Geroprotectors, C1=CC=C2C(=C1)C3=NNC4=CC=CC(=C43)C2=O,176,0
Spermidine,145.249,145.157897,-0.8753,-0.717,3,3,138.32,0.30364,64.07,-5.5,1.0,0.652,0.40236,1,10,3,0,3,0,7,0,0,10,0,0,0,0,0,0,0,0,0,0,0,0,0,0,3,3,0,0,3,0,1,Geroprotectors,C(CCNCCCN)CN,177,1
Srt1720,506.033,469.168478,2.6245,-2.956,8,2,351.12,0.28688,115.69,4.3964,0.55882,0.31772,0.89932,2,34,9,0,9,0,5,6,24,7,2,6,2,4,1,1,5,0,0,2,1,1,3,1,2,2,0,4,3,0,1,Geroprotectors, C1CN(CCN1)CC2=CSC3=NC(=CN23)C4=CC=CC=C4NC(=O)C5=NC6=CC=CC=C6N=C5.Cl,178,0
Staurosporine,466.539,466.200491,4.4396,-6.769,7,2,322.44,0.21616,69.45,4.7259,0.31429,0.15344,1.1297,1,35,7,0,7,4,2,8,20,12,0,8,3,5,2,3,5,0,0,3,2,3,2,1,1,1,0,2,1,0,1,Geroprotectors,C[C@@]12[C@@H]([C@@H](C[C@@H](O1)N3C4=CC=CC=C4C5=C6C(=C7C8=CC=CC=C8N2C7=C53)CNC6=O)NC)OC,179,0
Su 4312,266.343,266.141913,2.7862,-3.546,3,1,209.81,0.13369,32.34,3.3397,0.6,0.4597,0.75474,1,20,3,0,3,1,3,3,12,4,3,3,2,1,0,1,2,0,0,2,0,1,0,1,1,0,1,0,0,0,1,Geroprotectors,CN(C)C1=CC=C(CC2C(=O)NC3=C2C=CC=C3)C=C1,180,0
Tannic Acid,1701.2,1700.17299,5.5312,-7.599,46,25,1120.1,0.507,777.98,-0.25527,0.2377,0.2409,1.0756,1,122,46,0,46,5,31,11,60,42,15,11,10,1,1,1,10,0,0,10,1,1,0,0,0,0,0,0,0,0,1,Geroprotectors,C1=C(C=C(C(=C1O)O)O)C(=O)OC2=CC(=CC(=C2O)O)C(=O)OC[C@@H]3[C@H]([C@@H]([C@H]([C@@H](O3)OC(=O)C4=CC(=C(C(=C4)OC(=O)C5=CC(=C(C(=C5)O)O)O)O)O)OC(=O)C6=CC(=C(C(=C6)OC(=O)C7=CC(=C(C(=C7)O)O)O)O)O)OC(=O)C8=CC(=C(C(=C8)OC(=O)C9=CC(=C(C(=C9)O)O)O)O)O)OC(=O)C1=CC(=C(C(=C1)OC(=O)C1=CC(=C(C(=C1)O)O)O)O)O  ,181,1
Thioflavin T,318.871,283.126893,-0.1915,-3.22,2,0,220.2,0.12112,35.36,1.1892,0.6,0.35976,0.79493,2,20,3,0,3,0,2,3,15,4,3,3,2,1,0,0,3,0,0,2,0,0,1,0,1,0,1,1,0,0,1,Geroprotectors,CC1=CC2=C(C=C1)[N+](=C(S2)C3=CC=C(C=C3)N(C)C)C.[Cl-]  ,182,0
Thioridazine Hydrochloride,407.044,370.153738,5.5295,-5.947,2,0,281.18,0.14966,57.08,3.6773,0.48,0.37526,0.84401,2,25,4,0,4,1,4,4,12,13,0,4,2,2,1,2,2,0,0,2,1,2,0,0,2,1,1,0,1,0,1,Geroprotectors,CN1CCCCC1CCN2C3=CC=CC=C3SC4=C2C=C(C=C4)SC.Cl  ,183,0
Trametinib,615.398,615.077881,3.6356,-7.248,9,2,372.61,0.23008,102.06,4.601,0.43243,0.33157,1.0085,1,37,11,0,11,0,5,5,12,6,1,5,3,2,2,3,2,1,1,2,1,2,0,4,0,0,0,0,0,0,1,Geroprotectors,CC1=C2C(=C(N(C1=O)C)NC3=C(C=C(C=C3)I)F)C(=O)N(C(=O)N2C4=CC=CC(=C4)NC(=O)C)C5CC5  ,184,0
Trehalose,342.296,342.116215,-4.4579,0.551,11,8,219.82,0.61323,189.53,-4.6793,0.47826,0.31367,0.84632,1,23,11,0,11,10,4,2,0,23,11,2,0,2,2,2,0,0,0,0,2,2,0,0,0,0,0,0,0,0,1,Geroprotectors,C([C@@H]1[C@H]([C@@H]([C@H]([C@H](O1)O[C@@H]2[C@@H]([C@H]([C@@H]([C@H](O2)CO)O)O)O)O)O)O)O  ,185,1
Trequinsin Hydrochloride,441.957,405.205242,4.0065,-4.249,6,0,313.13,0.16495,54.37,3.1013,0.5,0.21838,0.92262,2,30,6,0,6,0,3,4,12,10,3,4,2,2,0,2,2,0,0,2,0,2,0,2,0,0,0,0,0,0,1,Geroprotectors,CC1=CC(=C(C(=C1)C)N=C2C=C3C4=CC(=C(C=C4CCN3C(=O)N2C)OC)OC)C.Cl,186,0
Trichostatin A,302.373,302.163043,2.2288,-3.264,5,2,249.62,0.21709,69.64,1.9952,0.68182,0.44892,0.64283,1,22,5,0,5,1,6,1,6,6,3,1,1,0,0,0,1,0,0,1,0,0,0,0,1,0,1,0,0,0,1,Geroprotectors, C[C@H](/C=C(\C)/C=C/C(=O)NO)C(=O)C1=CC=C(C=C1)N(C)C,187,0
Trimethadione,143.141,143.058244,-0.0966,-1.019,4,0,102.99,0.38479,46.61,-8.2963,0.5,0.0,0.75224,1,10,4,0,4,0,0,1,0,5,1,1,0,1,1,1,0,0,0,0,1,1,0,1,0,0,0,0,0,0,1,Geroprotectors, CC1(C(=O)N(C(=O)O1)C)C,188,0
Tyrosol,138.165,138.06808,1.1467,-1.316,2,2,113.48,0.23088,40.46,-4.1391,0.8,0.5068,0.58889,1,10,2,0,2,0,2,1,6,4,2,1,1,0,0,0,1,0,0,1,0,0,0,0,0,0,0,0,0,0,1,Geroprotectors,C1=CC(=CC=C1CCO)O,189,1
Tyrphostin 1,184.198,184.063663,1.7778,-2.962,3,0,163.65,0.22683,56.81,-9.0162,0.71429,0.43186,0.55002,1,14,3,0,3,0,2,1,6,2,4,1,1,0,0,0,1,0,0,1,0,0,0,0,0,0,0,0,0,0,1,Geroprotectors,COC1=CC=C(C=C1)C=C(C#N)C#N,190,0
Tyrphostin 9,282.386,282.173213,4.6659,-4.968,3,1,242.12,0.16612,67.81,-12.218,0.42857,0.50203,0.71485,1,21,3,0,3,0,3,1,6,9,10,1,1,0,0,0,1,0,0,1,0,0,0,0,0,0,0,0,0,0,1,Geroprotectors,CC(C)(C)C1=CC(=CC(=C1O)C(C)(C)C)C=C(C#N)C#N,191,0
Tyrphostin Ag 1295,234.301,234.115698,3.5352,-3.888,2,0,189.66,0.11568,25.78,-1.88,0.61111,0.23855,0.75474,1,18,2,0,2,0,1,3,16,2,2,3,2,1,0,0,3,0,0,2,0,0,1,0,0,0,0,2,0,0,1,Geroprotectors, CC1=CC2=NC=C(N=C2C=C1C)C3=CC=CC=C3  ,192,0
Tyrphostin Ag 1478,315.759,315.077454,3.7611,-4.988,5,1,236.54,0.22575,56.27,-0.8275,0.54545,0.24297,0.82973,1,22,6,0,6,0,4,3,16,4,0,3,2,1,0,0,3,0,0,2,0,0,1,0,1,0,1,2,0,0,1,Geroprotectors,COC1=C(C=C2C(=C1)C(=NC=N2)NC3=CC(=CC=C3)Cl)OC,193,0
Tyrphostin Ag 490,294.309,294.100443,2.0063,-2.994,5,3,235.11,0.27332,93.35,-1.2995,0.63636,0.51463,0.66071,1,22,5,0,5,0,4,2,12,3,2,2,2,0,0,0,2,0,0,2,0,0,0,1,0,0,0,0,0,0,1,Geroprotectors, C1=CC=C(C=C1)CNC(=O)/C(=C/C2=CC(=C(C=C2)O)O)/C#N,194,1
Ursolic Acid,456.708,456.360345,6.0021,-6.111,3,2,337.87,0.11614,57.53,-3.658,0.39394,0.22704,1.0133,1,33,3,0,3,10,1,5,0,29,1,5,5,0,4,5,0,4,5,0,0,0,0,0,0,0,0,0,0,1,1,Geroprotectors,C[C@@H]1CC[C@@]2(CC[C@@]3(C(=CC[C@H]4[C@]3(CC[C@@H]5[C@@]4(CC[C@@H](C5(C)C)O)C)C)[C@@H]2[C@H]1C)C)C(=O)O  ,195,1
Valproic Acid,144.213,144.11503,2.1912,-1.969,2,1,129.66,0.2016,37.3,-2.6221,0.7,0.76811,0.54931,1,10,2,0,2,0,5,0,0,8,3,0,0,0,0,0,0,0,0,0,0,0,0,0,0,0,0,0,0,1,1,Geroprotectors,CCCC(CCC)C(=O)O,196,0
Valpromide,143.229,143.131014,1.7934,-2.045,2,1,131.83,0.21475,43.09,0.63484,0.7,0.63207,0.54931,1,10,2,0,2,0,5,0,0,7,3,0,0,0,0,0,0,0,0,0,0,0,0,1,0,0,0,0,0,0,1,Geroprotectors, CCCC(CCC)C(=O)N,197,0
Vincristine Sulfate,923.047,824.399646,2.9846,-5.53,14,3,586.05,0.24401,171.17,5.1845,0.28333,0.28075,1.1808,2,60,14,0,14,9,10,9,15,34,0,8,3,5,4,5,3,1,1,2,3,4,1,1,2,2,0,1,2,0,1,Geroprotectors,CC[C@@]1(C[C@@H]2C[C@@](C3=C(CCN(C2)C1)C4=CC=CC=C4N3)(C5=C(C=C6C(=C5)[C@]78CCN9[C@H]7[C@@](C=CC9)([C@H]([C@@]([C@@H]8N6C=O)(C(=O)OC)O)OC(=O)C)CC)OC)C(=O)OC)O.OS(=O)(=O)O,198,0
Vinpocetine,350.46,350.199428,4.1342,-3.701,4,0,263.07,0.12719,34.47,-0.26904,0.38462,0.26775,1.0223,1,26,4,0,4,2,4,5,9,13,0,5,1,4,1,3,2,0,0,1,1,3,1,0,1,1,0,1,1,0,1,Geroprotectors,CC[C@@]12CCCN3[C@@H]1C4=C(CC3)C5=CC=CC=C5N4C(=C2)C(=O)OCC,199,0
Vitamin B3,123.111,123.032029,0.1438,-0.834,3,1,96.12,0.38608,50.19,-1.5746,0.66667,0.36206,0.7083,1,9,3,0,3,0,1,1,6,1,0,1,0,1,0,0,1,0,0,0,0,0,1,0,0,0,0,1,0,1,1,Geroprotectors,C1=CC(=CN=C1)C(=O)O  ,200,1
Vitamin B5,219.236,219.110674,-1.0166,-0.467,6,4,168.22,0.45678,106.86,-17.018,0.66667,0.76924,0.50791,1,15,6,0,6,1,6,0,0,10,1,0,0,0,0,0,0,0,0,0,0,0,0,1,0,0,0,0,0,1,1,Geroprotectors,CC(C)(CO)[C@H](C(=O)NCCC(=O)O)O,201,1
Vitamin D3,384.645,384.339215,7.6762,-5.995,1,1,324.83,0.040329,20.23,-4.8483,0.57143,0.32467,0.84401,1,28,1,0,1,5,6,3,0,22,1,3,3,0,3,3,0,3,3,0,0,0,0,0,0,0,0,0,0,0,1,Geroprotectors, C[C@H](CCCC(C)C)[C@H]1CC[C@@H]\2[C@@]1(CCC/C2=C\C=C/3\C[C@H](CCC3=C)O)C,202,0
Wortmannin,428.436,428.14712,1.6247,-4.376,8,0,295.27,0.32604,109.11,0.96941,0.35484,0.23018,1.0851,1,31,8,0,8,5,4,5,5,16,0,5,3,2,2,4,1,1,3,0,1,1,1,0,0,0,0,0,0,0,1,Geroprotectors,CC(=O)O[C@@H]1C[C@]2([C@@H](CCC2=O)C3=C1[C@]4([C@H](OC(=O)C5=COC(=C54)C3=O)COC)C)C,203,0
?-Ketoglutarate,146.098,146.021525,-1.2652,-0.396,5,2,106.97,0.61064,91.67,-10.941,0.7,0.69767,0.62123,1,10,5,0,5,0,4,0,0,4,0,0,0,0,0,0,0,0,0,0,0,0,0,0,0,0,0,0,0,2,1,Geroprotectors, C(CC(=O)O)C(=O)C(=O)O,204,1
?-Lipoic Acid,206.329,206.04352,2.6294,-2.855,2,1,154.14,0.39652,87.9,-9.4356,0.75,0.45864,0.4722,1,12,4,0,4,1,5,1,0,10,0,1,0,1,1,1,0,0,0,0,1,1,0,0,0,0,0,0,0,1,1,Geroprotectors,C1CSSC1CCCCC(=O)O  ,205,0
BUFLOMEDIL,307.389,307.178359,2.3141,-2.703,5,0,250.91,0.18568,48.0,2.7412,0.59091,0.49148,0.71956,1,22,5,0,5,0,8,2,6,14,6,2,1,1,1,1,1,0,0,1,1,1,0,0,1,1,0,0,1,0,0,NoGeroprotectors,COc1cc(OC)c(C(=O)CCCN2CCCC2)c(OC)c1,206,0
DIAMTHAZOLE DIHYDROCHLORIDE,366.356,293.156182,2.8008,-2.66,4,0,237.24,0.20414,56.84,7.6658,0.65,0.54103,0.73284,3,20,5,0,5,0,7,2,9,10,3,2,1,1,0,0,2,0,0,1,0,0,1,0,2,1,1,1,2,0,0,NoGeroprotectors,CCN(CC)CCOc1ccc2nc(N(C)C)sc2c1.Cl.Cl,207,0
PHENYLPROPANOLAMINE HYDROCHLORIDE,187.669,151.099714,0.3838,-1.518,2,2,125.39,0.22625,46.25,0.19006,0.63636,0.52957,0.6089,2,11,2,0,2,2,2,1,6,5,2,1,1,0,0,0,1,0,0,1,0,0,0,0,1,1,0,0,1,0,0,NoGeroprotectors,CC(N)C(O)c1ccccc1.Cl,208,1
SIBUTRAMINE HYDROCHLORIDE,334.329,279.175376,4.2703,-4.069,1,0,224.97,0.01578,3.24,1.4302,0.52632,0.55795,0.73369,3,19,2,0,2,1,5,2,6,12,5,2,2,0,1,1,1,1,1,1,0,0,0,0,1,1,0,0,1,0,0,NoGeroprotectors,CC(C)CC(N(C)C)C1(c2ccc(Cl)cc2)CCC1.Cl.O,209,0
PERHEXILINE MALEATE,393.566,277.276949,4.8845,-4.855,1,1,240.86,0.04758,12.03,-1.5441,0.5,0.47652,0.59852,2,20,1,0,1,1,4,3,0,20,8,3,2,1,3,3,0,2,2,0,1,1,0,0,1,1,0,0,1,0,0,NoGeroprotectors,C1CCC(C(CC2CCCCN2)C2CCCCC2)CC1.O=C(O)/C=C\C(=O)O,210,0
VERALIPRIDE,383.468,383.151492,0.8068,-2.252,8,2,286.73,0.32051,119.34,4.435,0.5,0.53907,0.8467,1,26,9,0,9,1,8,2,6,12,1,2,1,1,1,1,1,0,0,1,1,1,0,2,1,1,0,0,1,0,0,NoGeroprotectors,C=CCN1CCCC1CNC(=O)c1cc(S(N)(=O)=O)cc(OC)c1OC,211,0
DIHYDROSTREPTOMYCIN SULFATE,1461.42,583.281323,-7.9952,1.18,19,15,393.29,0.61258,334.59,4.1296,0.4,0.35155,0.98129,5,40,19,0,19,15,9,3,0,32,0,3,1,2,3,3,0,1,1,0,2,2,0,0,1,1,0,0,3,0,0,NoGeroprotectors,CN[C@@H]1[C@H](O[C@H]2[C@H](O[C@H]3[C@H](O)[C@@H](O)[C@H](NC(=N)N)[C@@H](O)[C@@H]3NC(=N)N)O[C@@H](C)[C@]2(O)CO)O[C@@H](CO)[C@H](O)[C@H]1O.CN[C@@H]1[C@H](O[C@H]2[C@H](O[C@H]3[C@H](O)[C@@H](O)[C@H](NC(=N)N)[C@@H](O)[C@@H]3NC(=N)N)O[C@@H](C)[C@]2(O)CO)O[C@@H](CO)[C@H](O)[C@H]1O.O=S(=O)(O)O.O=S(=O)(O)O.O=S(=O)(O)O,212,0
DIPYRONE,351.358,311.093977,-2.8714,-1.142,7,1,216.8,0.30152,89.54,4.2295,0.52381,0.56267,0.84127,3,21,8,0,8,0,4,2,6,6,3,2,1,1,0,1,1,0,0,1,0,1,0,0,0,0,0,0,1,1,0,NoGeroprotectors,Cc1c(N(C)CS(=O)(=O)[O-])c(=O)n(-c2ccccc2)n1C.O.[Na+],213,0
MUZOLIMINE,272.134,271.027916,1.3507,-3.323,4,1,188.66,0.22988,58.69,3.3414,0.58824,0.38201,0.77245,1,17,6,0,6,1,2,2,6,3,0,2,1,1,0,1,1,0,0,1,0,1,0,0,0,0,0,0,0,0,0,NoGeroprotectors,CC(c1ccc(Cl)c(Cl)c1)N1N=C(N)CC1=O,214,0
PIFOXIME,276.335,276.147393,2.5654,-3.054,5,1,221.95,0.23068,62.13,1.3704,0.7,0.52424,0.61095,1,20,5,0,5,0,4,2,6,9,4,2,1,1,1,1,1,0,0,1,1,1,0,1,0,0,0,0,0,0,0,NoGeroprotectors,C/C(=N\O)c1ccc(OCC(=O)N2CCCCC2)cc1,215,0
PIPERAZINE,86.1374,86.084398,-0.563,-0.1,2,2,77.96,0.294,24.06,0.77302,0.66667,0.23502,0.53648,1,6,2,0,2,0,0,1,0,6,4,1,0,1,1,1,0,0,0,0,1,1,0,0,2,2,0,0,2,0,0,NoGeroprotectors,C1CNCCN1,216,1
MEPROBAMATE,218.252,218.126658,0.9953,-2.463,6,2,176.01,0.43532,104.64,-0.31695,0.6,0.69597,0.53731,1,15,6,0,6,0,8,0,0,9,5,0,0,0,0,0,0,0,0,0,0,0,0,2,0,0,0,0,0,0,0,NoGeroprotectors,CCCC(C)(COC(N)=O)COC(N)=O,217,0
ROFECOXIB,314.36,314.06128,1.2168,-3.076,4,0,224.79,0.22964,68.82,4.3117,0.54545,0.45981,0.80548,1,22,5,0,5,0,3,3,12,4,5,3,2,1,0,1,2,0,0,2,0,1,0,0,0,0,0,0,0,0,0,NoGeroprotectors,CS(=O)(=O)c1ccc(C2=C(c3ccccc3)C(=O)OC2)cc1,218,0
PHENYLPROPANOLAMINE,151.208,151.099714,0.3838,-1.518,2,2,125.39,0.22625,46.25,0.19006,0.63636,0.52957,0.6089,1,11,2,0,2,2,2,1,6,5,2,1,1,0,0,0,1,0,0,1,0,0,0,0,1,1,0,0,1,0,0,NoGeroprotectors,CC(N)C(O)c1ccccc1,219,1
VINYL CHLORIDE,62.4988,61.992327,0.9817,-1.498,0,0,53.46,0.0,0.0,-3.5951,1.0,0.0,0.0,1,3,1,0,1,0,0,0,0,0,0,0,0,0,0,0,0,0,0,0,0,0,0,0,0,0,0,0,0,0,0,NoGeroprotectors,C=CCl,220,0
VALDECOXIB,314.364,314.072513,2.6412,-4.844,5,1,230.59,0.29893,94.57,2.0175,0.54545,0.45411,0.8075,1,22,6,0,6,0,3,3,17,2,5,3,2,1,0,0,3,0,0,2,0,0,1,1,0,0,0,1,0,0,0,NoGeroprotectors,Cc1onc(-c2ccccc2)c1-c1ccc(S(N)(=O)=O)cc1,221,0
CARISOPRODOL,260.333,260.173608,2.1124,-3.057,6,2,215.97,0.33713,90.65,-6.8496,0.61111,0.65589,0.58491,1,18,6,0,6,1,9,0,0,12,1,0,0,0,0,0,0,0,0,0,0,0,0,2,0,0,0,0,0,0,0,NoGeroprotectors,CCCC(C)(COC(N)=O)COC(=O)NC(C)C,222,0
BUTAMBEN,193.245,193.110279,2.2104,-2.673,3,1,163.07,0.23493,52.32,-6.1485,0.78571,0.46752,0.50377,1,14,3,0,3,0,5,1,6,5,2,1,1,0,0,0,1,0,0,1,0,0,0,0,1,0,1,0,0,0,0,NoGeroprotectors,CCCCOC(=O)c1ccc(N)cc1,223,0
LEVAMISOLE,204.296,204.072118,1.692,-2.271,2,0,150.8,0.21585,40.9,3.2982,0.64286,0.34263,0.68976,1,14,3,0,3,1,1,3,6,5,2,3,1,2,1,2,1,0,0,1,1,2,0,0,0,0,0,0,1,0,0,NoGeroprotectors,c1ccc([C@H]2CN3CCSC3=N2)cc1,224,0
MINAPRINE HYDROCHLORIDE,371.311,298.179361,1.5911,-2.567,5,1,243.62,0.19272,50.28,2.4865,0.68182,0.44668,0.70898,3,22,5,0,5,0,5,3,12,9,4,3,1,2,1,1,2,0,0,1,1,1,1,0,2,1,1,2,1,0,0,NoGeroprotectors,Cc1cc(-c2ccccc2)nnc1NCCN1CCOCC1.Cl.Cl,225,0
TRIAZOLAM,343.216,342.0439,3.2255,-6.632,4,0,245.83,0.16402,43.07,3.2065,0.43478,0.18345,0.90194,1,23,6,0,6,0,1,4,17,2,0,4,2,2,0,1,3,0,0,2,0,1,1,0,0,0,0,3,0,0,0,NoGeroprotectors,Cc1nnc2n1-c1ccc(Cl)cc1C(c1ccccc1Cl)=NC2,226,0
ZIMELDINE HYDROCHLORIDE,408.166,316.057509,2.3167,-2.891,2,0,223.7,0.064908,16.13,0.7275,0.52632,0.50818,0.72141,4,19,3,0,3,0,4,2,12,4,3,2,1,1,0,0,2,0,0,1,0,0,1,0,1,1,0,1,1,0,0,NoGeroprotectors,CN(C)C/C=C(/c1ccc(Br)cc1)c1cccnc1.Cl.Cl.O,227,0
CLIOQUINOL,305.498,304.910439,2.673,-3.778,2,1,154.67,0.15562,33.12,-0.64135,0.53846,0.0,0.74957,1,13,4,0,4,0,0,2,10,1,0,2,1,1,0,0,2,0,0,1,0,0,1,0,0,0,0,1,0,0,0,NoGeroprotectors,Oc1c(I)cc(Cl)c2cccnc12,228,0
BUTAMBEN PICRATE,615.594,228.997102,-1.4509,-2.7,10,1,150.62,0.69287,157.69,-7.5665,0.4375,0.52477,0.74499,3,16,10,0,10,0,3,1,6,4,5,1,1,0,0,0,1,0,0,1,0,0,0,0,0,0,0,0,0,0,0,NoGeroprotectors,CCCCOC(=O)c1ccc(N)cc1.CCCCOC(=O)c1ccc(N)cc1.O=[N+]([O-])c1cc([N+](=O)[O-])c(O)c([N+](=O)[O-])c1,229,0
MINAPRINE,298.389,298.179361,1.5911,-2.567,5,1,243.62,0.19272,50.28,2.4865,0.68182,0.44668,0.70898,1,22,5,0,5,0,5,3,12,9,4,3,1,2,1,1,2,0,0,1,1,1,1,0,2,1,1,2,1,0,0,NoGeroprotectors,Cc1cc(-c2ccccc2)nnc1NCCN1CCOCC1,230,0
SIBUTRAMINE,279.853,279.175376,4.2703,-4.069,1,0,224.97,0.01578,3.24,1.4302,0.52632,0.55795,0.73369,1,19,2,0,2,1,5,2,6,12,5,2,2,0,1,1,1,1,1,1,0,0,0,0,1,1,0,0,1,0,0,NoGeroprotectors,CC(C)CC(N(C)C)C1(c2ccc(Cl)cc2)CCC1,231,0
TEGASEROD MALEATE,417.464,301.19026,2.8267,-3.563,6,4,254.98,0.2903,85.29,-0.46519,0.72727,0.42069,0.75761,2,22,6,0,6,0,7,2,9,7,0,2,1,1,0,0,2,0,0,1,0,0,1,0,0,0,0,1,1,0,0,NoGeroprotectors,CCCCCNC(=N)N/N=C/c1c[nH]c2ccc(OC)cc12.O=C(O)/C=C\C(=O)O,232,0
ALMITRINE,477.561,477.245249,4.8395,-5.756,7,2,375.92,0.1674,69.21,1.3656,0.48571,0.39817,0.81145,1,35,9,0,9,0,10,4,18,8,17,4,2,2,1,1,3,0,0,2,1,1,1,0,4,1,3,3,4,0,0,NoGeroprotectors,C=CCNc1nc(NCC=C)nc(N2CCN(C(c3ccc(F)cc3)c3ccc(F)cc3)CC2)n1,233,0
MEPAZINE ACETATE,370.515,310.150368,4.5425,-4.611,2,0,237.67,0.10346,31.78,5.2505,0.45455,0.33985,0.82582,2,22,3,0,3,1,2,4,12,10,6,4,2,2,1,2,2,0,0,2,1,2,0,0,2,1,1,0,1,0,0,NoGeroprotectors,CC(=O)O.CN1CCCC(CN2c3ccccc3Sc3ccccc32)C1,234,0
FIPEXIDE,388.85,388.118985,3.1537,-3.378,6,0,286.11,0.17525,51.24,7.3967,0.66667,0.46497,0.74421,1,27,7,0,7,0,5,4,12,11,4,4,2,2,1,2,2,0,0,2,1,2,0,1,1,1,0,0,1,0,0,NoGeroprotectors,O=C(COc1ccc(Cl)cc1)N1CCN(Cc2ccc3c(c2)OCO3)CC1,235,0
ALATROFLOXACIN MESYLATE,654.621,558.183853,-1.6649,-6.317,11,4,378.97,0.32066,157.96,2.5181,0.5,0.4174,0.96969,2,40,14,0,14,5,7,5,12,12,0,6,2,4,3,4,2,1,1,1,2,3,1,2,2,1,1,1,2,1,0,NoGeroprotectors,CS(=O)(=O)O.C[C@H](N)C(=O)N[C@@H](C)C(=O)N[C@H]1[C@@H]2CN(c3nc4c(cc3F)c(=O)c(C(=O)O)cn4-c3ccc(F)cc3F)C[C@@H]21,236,0
BENZARONE,266.295,266.094295,3.709,-5.106,3,1,207.43,0.19404,50.44,0.62751,0.55,0.46373,0.81096,1,20,3,0,3,0,3,3,15,3,2,3,2,1,0,0,3,0,0,2,0,0,1,0,0,0,0,0,0,0,0,NoGeroprotectors,CCc1oc2ccccc2c1C(=O)c1ccc(O)cc1,237,0
BENZIODARONE,518.079,517.887591,4.5832,-7.138,3,1,259.99,0.15481,50.44,1.227,0.5,0.48468,0.86954,1,22,5,0,5,0,3,3,15,3,3,3,2,1,0,0,3,0,0,2,0,0,1,0,0,0,0,0,0,0,0,NoGeroprotectors,CCc1oc2ccccc2c1C(=O)c1cc(I)c(O)c(I)c1,238,0
BROMFENAC SODIUM,766.345,333.000055,2.3207,-4.604,4,2,215.78,0.25234,80.39,-2.66,0.6,0.57657,0.76523,7,20,5,0,5,0,4,2,12,2,2,2,2,0,0,0,2,0,0,2,0,0,0,0,1,0,1,0,0,1,0,NoGeroprotectors,Nc1c(CC(=O)[O-])cccc1C(=O)c1ccc(Br)cc1.Nc1c(CC(=O)[O-])cccc1C(=O)c1ccc(Br)cc1.O.O.O.[Na+].[Na+],239,0
ISAXONINE PHOSPHATE,235.179,137.095297,0.8785,-1.621,3,1,119.26,0.28006,37.81,0.80345,0.7,0.40509,0.55452,2,10,3,0,3,0,2,1,6,3,3,1,0,1,0,0,1,0,0,0,0,0,1,0,1,0,1,2,0,0,0,NoGeroprotectors,CC(C)Nc1ncccn1.O=P(O)(O)O,240,0
LUMIRACOXIB,293.724,293.061884,3.7239,-4.566,3,2,216.37,0.17378,49.33,-2.0597,0.5,0.52068,0.75973,1,20,5,0,5,0,4,2,12,3,0,2,2,0,0,0,2,0,0,2,0,0,0,0,1,0,1,0,0,1,0,NoGeroprotectors,Cc1ccc(Nc2c(F)cccc2Cl)c(CC(=O)O)c1,241,0
MEBANAZINE,136.197,136.100048,0.1871,-1.924,2,2,118.0,0.22653,38.05,-2.8942,0.7,0.55732,0.55452,1,10,2,0,2,1,2,1,6,4,2,1,1,0,0,0,1,0,0,1,0,0,0,0,0,0,0,0,0,0,0,NoGeroprotectors,CC(NN)c1ccccc1,242,1
NOMIFENSINE MALEATE,354.405,238.146998,1.6448,-2.704,2,1,190.62,0.09873,29.26,4.3591,0.5,0.30217,0.77994,2,18,2,0,2,1,1,3,12,5,2,3,2,1,1,1,2,0,0,2,1,1,0,0,2,1,1,0,1,0,0,NoGeroprotectors,CN1Cc2c(N)cccc2C(c2ccccc2)C1.O=C(O)/C=C\C(=O)O,243,0
OXYPHENISATIN ACETATE,401.417,401.126324,3.3235,-4.79,6,1,298.92,0.23612,81.7,1.8314,0.5,0.39056,0.8227,1,30,6,0,6,0,6,4,18,5,12,4,3,1,0,1,3,0,0,3,0,1,0,1,0,0,0,0,0,0,0,NoGeroprotectors,CC(=O)Oc1ccc(C2(c3ccc(OC(C)=O)cc3)C(=O)Nc3ccccc32)cc1,244,0
METHOXYFLURANE,164.966,163.960725,1.8198,-1.968,1,0,102.21,0.097838,9.23,-7.2092,0.625,0.79827,0.7993,1,8,5,0,5,0,2,0,0,4,2,0,0,0,0,0,0,0,0,0,0,0,0,0,0,0,0,0,0,0,0,NoGeroprotectors,COC(F)(F)C(Cl)Cl,245,0
SITAXENTAN SODIUM,476.892,454.006005,3.3593,-6.559,8,1,308.92,0.38366,144.35,4.5285,0.51724,0.44342,0.88047,2,29,11,0,11,0,5,4,16,7,1,4,1,3,1,1,3,0,0,1,1,1,2,1,0,0,0,1,0,0,0,NoGeroprotectors,Cc1cc2c(cc1CC(=O)c1sccc1S(=O)(=O)[N-]c1onc(C)c1Cl)OCO2.[Na+],246,0
TEMAFLOXACIN HYDROCHLORIDE,453.847,417.130026,0.2867,-5.582,6,2,289.73,0.19929,72.88,4.027,0.43333,0.33496,0.93729,2,30,9,0,9,1,3,4,12,8,0,4,2,2,1,2,2,0,0,2,1,2,0,0,2,1,1,0,1,1,0,NoGeroprotectors,CC1CN(c2cc3c(cc2F)c(=O)c(C(=O)O)cn3-c2ccc(F)cc2F)CCN1.Cl,247,0
TOLCAPONE,273.243,273.063724,1.5205,-3.928,6,2,199.4,0.34935,103.35,-6.2978,0.55,0.52909,0.78055,1,20,6,0,6,0,3,2,12,4,2,2,2,0,0,0,2,0,0,2,0,0,0,0,0,0,0,0,0,0,0,NoGeroprotectors,Cc1ccc(C(=O)c2cc(O)c(O)c([N+](=O)[O-])c2)cc1,248,0
TROGLITAZONE,441.546,441.160994,4.3852,-5.46,6,2,323.81,0.27217,110.16,4.0512,0.58065,0.4752,0.87179,1,31,7,0,7,2,5,4,12,14,2,4,2,2,1,2,2,0,0,2,1,2,0,1,0,0,0,0,0,0,0,NoGeroprotectors,Cc1c(C)c2c(c(C)c1O)CCC(C)(COc1ccc(CC3SC(=O)NC3=O)cc1)O2,249,0
TROVAFLOXACIN MESYLATE,512.464,416.109625,-0.5509,-6.027,7,2,271.03,0.26757,99.76,1.369,0.46667,0.30146,0.94592,2,30,10,0,10,3,3,5,12,8,0,6,2,4,3,4,2,1,1,1,2,3,1,0,2,1,1,1,2,1,0,NoGeroprotectors,CS(=O)(=O)O.N[C@@H]1[C@H]2CN(c3nc4c(cc3F)c(=O)c(C(=O)O)cn4-c3ccc(F)cc3F)C[C@@H]12,250,0
ULIPRISTAL ACETATE,475.627,475.272259,5.0559,-5.294,5,0,356.38,0.14779,63.68,2.5076,0.37143,0.27126,1.0218,1,35,5,0,5,5,5,5,6,18,3,5,5,0,2,4,1,2,4,1,0,0,0,0,1,0,1,0,0,0,0,NoGeroprotectors,CC(=O)O[C@]1(C(C)=O)CC[C@H]2[C@@H]3CCC4=CC(=O)CCC4=C3[C@@H](c3ccc(N(C)C)cc3)C[C@@]21C,251,0
BENOXAPROFEN,301.728,301.050571,3.8311,-5.688,4,1,220.35,0.23245,63.33,1.1606,0.61905,0.34969,0.79161,1,21,5,0,5,1,3,3,15,3,2,3,2,1,0,0,3,0,0,2,0,0,1,0,0,0,0,1,0,1,0,NoGeroprotectors,CC(C(=O)O)c1ccc2oc(-c3ccc(Cl)cc3)nc2c1,252,0
CLOMACRAN PHOSPHATE,398.826,300.139325,4.0153,-4.159,2,1,235.0,0.063872,15.27,2.834,0.47619,0.27582,0.83726,2,21,3,0,3,1,4,3,12,7,1,3,2,1,0,1,2,0,0,2,0,1,0,0,2,1,1,0,1,0,0,NoGeroprotectors,CN(C)CCCC1c2ccccc2Nc2ccc(Cl)cc21.O=P(O)(O)O,253,0
CLOMETACIN,357.792,357.076786,2.8754,-4.506,5,1,262.37,0.21363,68.53,-2.4915,0.52,0.4544,0.9009,1,25,6,0,6,0,5,3,15,5,2,3,2,1,0,0,3,0,0,2,0,0,1,0,0,0,0,1,0,1,0,NoGeroprotectors,COc1ccc2c(C(=O)c3ccc(Cl)cc3)c(C)n(CC(=O)O)c2c1,254,0
EBROTIDINE,477.431,475.975845,1.3921,-4.959,8,3,309.93,0.45952,197.74,1.6328,0.73077,0.64303,0.68976,1,26,12,0,12,0,7,2,11,5,4,2,1,1,0,0,2,0,0,1,0,0,1,0,0,0,0,1,2,0,0,NoGeroprotectors,NC(N)=Nc1nc(CSCCN/C=N/S(=O)(=O)c2ccc(Br)cc2)cs1,255,0
FENCLOZIC ACID,253.709,252.996426,2.4579,-2.681,3,1,181.0,0.31751,78.43,2.4988,0.6875,0.49889,0.69426,1,16,5,0,5,0,3,2,11,2,2,2,1,1,0,0,2,0,0,1,0,0,1,0,0,0,0,1,0,1,0,NoGeroprotectors,O=C(O)Cc1csc(-c2ccc(Cl)cc2)n1,256,0
FLUPIRTINE,304.324,304.133554,2.1633,-4.601,6,3,237.1,0.30451,89.27,-11.554,0.72727,0.47128,0.71581,1,22,7,0,7,0,6,2,12,4,2,2,1,1,0,0,2,0,0,1,0,0,1,1,2,0,2,1,1,0,0,NoGeroprotectors,CCOC(=O)Nc1ccc(NCc2ccc(F)cc2)nc1N,257,0
DILEVALOL HYDROCHLORIDE,364.871,328.178693,1.7795,-2.932,5,4,261.99,0.2518,95.58,6.1932,0.625,0.53942,0.72855,2,24,5,0,5,2,8,2,12,9,2,2,2,0,0,0,2,0,0,2,0,0,0,1,1,1,0,0,1,0,0,NoGeroprotectors,C[C@H](CCc1ccccc1)NC[C@H](O)c1ccc(O)c(C(N)=O)c1.Cl,258,1
NIMESULIDE,308.313,308.046693,1.1823,-5.46,7,1,218.99,0.36741,109.6,-7.2946,0.47619,0.50537,0.74264,1,21,8,0,8,0,4,2,12,4,3,2,2,0,0,0,2,0,0,2,0,0,0,1,0,0,0,0,0,0,0,NoGeroprotectors,CS(=O)(=O)Nc1ccc([N+](=O)[O-])cc1Oc1ccccc1,259,0
NOVOBIOCIN SODIUM,634.612,612.231913,3.27,-5.272,13,5,443.66,0.3497,196.1,2.3974,0.5,0.32877,0.97351,2,44,13,0,13,4,9,4,12,20,2,4,2,2,1,2,2,0,0,2,1,2,0,2,0,0,0,0,0,0,0,NoGeroprotectors,CO[C@@H]1[C@@H](OC(N)=O)[C@@H](O)[C@H](Oc2ccc3c([O-])c(NC(=O)c4ccc(O)c(CC=C(C)C)c4)c(=O)oc3c2C)OC1(C)C.[Na+],260,0
OXYPHENISATINE,317.343,317.105194,2.6587,-3.598,4,3,231.6,0.21891,69.56,2.2242,0.45833,0.33418,0.80188,1,24,4,0,4,0,2,4,18,3,9,4,3,1,0,1,3,0,0,3,0,1,0,1,0,0,0,0,0,0,0,NoGeroprotectors,O=C1Nc2ccccc2C1(c1ccc(O)cc1)c1ccc(O)cc1,261,1
PEMOLINE,176.175,176.058578,0.0526,-2.128,4,1,131.5,0.37886,64.68,1.5272,0.61538,0.38019,0.61868,1,13,4,0,4,1,1,2,6,2,2,2,1,1,0,1,1,0,0,1,0,1,0,0,0,0,0,0,1,0,0,NoGeroprotectors,NC1=NC(=O)C(c2ccccc2)O1,262,1
PIRPROFEN,251.712,251.071306,2.3919,-3.192,3,1,188.36,0.15762,40.54,3.0528,0.58824,0.48247,0.71292,1,17,4,0,4,1,3,2,6,6,2,2,1,1,0,1,1,0,0,1,0,1,0,0,1,0,1,0,0,1,0,NoGeroprotectors,CC(C(=O)O)c1ccc(N2CC=CC2)c(Cl)c1,263,0
TICRYNAFEN,331.175,329.952034,2.9282,-4.991,4,1,225.41,0.3085,91.84,2.3512,0.6,0.36212,0.80446,1,20,7,0,7,0,5,2,11,3,0,2,1,1,0,0,2,0,0,1,0,0,1,0,0,0,0,0,0,1,0,NoGeroprotectors,O=C(O)COc1ccc(C(=O)c2cccs2)c(Cl)c1Cl,264,0
TOLRESTAT,357.351,357.064648,3.1655,-3.366,4,1,252.71,0.26786,81.86,-8.0003,0.5,0.46287,0.8293,1,24,8,0,8,0,5,2,10,7,2,2,2,0,0,0,2,0,0,2,0,0,0,0,0,0,0,0,0,1,0,NoGeroprotectors,COc1ccc2c(C(=S)N(C)CC(=O)O)cccc2c1C(F)(F)F,265,0
CHLORMEZANONE,273.739,273.022641,1.1128,-2.05,4,0,184.09,0.24537,62.83,0.73005,0.52941,0.35958,0.78235,1,17,6,0,6,1,1,2,6,5,3,2,1,1,1,1,1,0,0,1,1,1,0,1,0,0,0,0,0,0,0,NoGeroprotectors,CN1C(=O)CCS(=O)(=O)C1c1ccc(Cl)cc1,266,0
ALPIDEM,404.34,403.121816,5.0431,-6.919,4,0,309.24,0.11483,37.61,4.4691,0.48148,0.53987,0.86725,1,27,6,0,6,0,7,3,15,7,5,3,1,2,0,0,3,0,0,1,0,0,2,1,0,0,0,2,1,0,0,NoGeroprotectors,CCCN(CCC)C(=O)Cc1c(-c2ccc(Cl)cc2)nc2ccc(Cl)cn12,267,0
BENDAZAC,282.298,282.100443,1.8077,-2.992,5,1,217.2,0.24853,64.35,2.72,0.57143,0.38315,0.78648,1,21,5,0,5,0,5,3,15,4,2,3,2,1,0,0,3,0,0,2,0,0,1,0,0,0,0,2,0,1,0,NoGeroprotectors,O=C(O)COc1nn(Cc2ccccc2)c2ccccc12,268,0
CYCLOFENIL,364.44,364.16746,4.3213,-5.349,4,0,291.26,0.15821,52.6,-6.1848,0.55556,0.44165,0.79924,1,27,4,0,4,0,6,3,12,9,14,3,3,0,1,1,2,1,1,2,0,0,0,0,0,0,0,0,0,0,0,NoGeroprotectors,CC(=O)Oc1ccc(C(=C2CCCCC2)c2ccc(OC(C)=O)cc2)cc1,269,0
EXIFONE,278.215,278.042655,0.7154,-1.94,7,6,188.87,0.4852,138.45,-1.0702,0.55,0.52591,0.72323,1,20,7,0,7,0,2,2,12,6,3,2,2,0,0,0,2,0,0,2,0,0,0,0,0,0,0,0,0,0,0,NoGeroprotectors,O=C(c1cc(O)c(O)c(O)c1)c1ccc(O)c(O)c1O,270,1
KETOCONAZOLE,531.438,530.14876,3.3639,-2.995,8,0,384.42,0.17684,69.06,8.14,0.55556,0.45571,0.86492,1,36,10,0,10,2,7,5,17,13,4,5,2,3,2,2,3,0,0,2,2,2,1,1,1,0,1,2,1,0,0,NoGeroprotectors,CC(=O)N1CCN(c2ccc(OCC3COC(Cn4ccnc4)(c4ccc(Cl)cc4Cl)O3)cc2)CC1,271,0
MEDIFOXAMINE,257.332,257.141579,2.5271,-2.328,3,0,214.1,0.11,21.7,1.923,0.57895,0.41458,0.56169,1,19,3,0,3,0,6,2,12,7,10,2,2,0,0,0,2,0,0,2,0,0,0,0,1,1,0,0,1,0,0,NoGeroprotectors,CN(C)CC(Oc1ccccc1)Oc1ccccc1,272,0
NEFAZODONE HYDROCHLORIDE,506.476,469.224452,4.0888,-4.098,7,0,363.22,0.13422,51.62,9.8939,0.63636,0.5383,0.79048,2,33,8,0,8,0,10,4,12,13,4,4,2,2,1,2,2,0,0,2,1,2,0,1,2,1,1,0,1,0,0,NoGeroprotectors,CCc1nn(CCCN2CCN(c3cccc(Cl)c3)CC2)c(=O)n1CCOc1ccccc1.Cl,273,0
NITREFAZOLE,248.198,248.054556,0.0238,-4.793,8,0,180.58,0.43571,109.46,-4.2136,0.61111,0.48435,0.75619,1,18,8,0,8,0,3,2,11,3,2,2,1,1,0,0,2,0,0,1,0,0,1,0,0,0,0,2,0,0,0,NoGeroprotectors,Cc1nc([N+](=O)[O-])cn1-c1ccc([N+](=O)[O-])cc1,274,0
SITAXENTAN,454.91,454.006005,3.3593,-6.559,8,1,308.92,0.38366,144.35,4.5285,0.51724,0.44342,0.88047,1,29,11,0,11,0,5,4,16,7,1,4,1,3,1,1,3,0,0,1,1,1,2,1,0,0,0,1,0,0,0,NoGeroprotectors,Cc1cc2c(cc1CC(=O)c1sccc1S(=O)(=O)Nc1onc(C)c1Cl)OCO2,275,0
SULOCTIDIL,337.57,337.243934,5.2486,-4.63,2,2,291.42,0.14429,57.56,-12.571,0.78261,0.65488,0.64751,1,23,3,0,3,2,12,1,6,17,3,1,1,0,0,0,1,0,0,1,0,0,0,0,1,1,0,0,1,0,0,NoGeroprotectors,CCCCCCCCNC(C)C(O)c1ccc(SC(C)C)cc1,276,0
XENAZOIC ACID,375.423,375.147059,3.5373,-5.633,5,2,294.61,0.20583,75.63,-3.3036,0.60714,0.49158,0.7473,1,28,5,0,5,1,8,3,18,5,6,3,3,0,0,0,3,0,0,3,0,0,0,0,0,0,0,0,0,1,0,NoGeroprotectors,CCOC(Nc1ccc(C(=O)O)cc1)C(=O)c1ccc(-c2ccccc2)cc1,277,0
IBUFENAC,192.257,192.11503,2.575,-2.527,2,1,161.9,0.16146,37.3,-1.5706,0.71429,0.66584,0.51193,1,14,2,0,2,0,4,1,6,6,3,1,1,0,0,0,1,0,0,1,0,0,0,0,0,0,0,0,0,1,0,NoGeroprotectors,CC(C)Cc1ccc(CC(=O)O)cc1,278,0
PHENACETIN,179.218,179.094629,1.6996,-2.276,3,1,150.75,0.22886,38.33,-1.0225,0.76923,0.46547,0.56122,1,13,3,0,3,0,3,1,6,4,2,1,1,0,0,0,1,0,0,1,0,0,0,1,0,0,0,0,0,0,0,NoGeroprotectors,CCOc1ccc(NC(C)=O)cc1,279,0
PHENOXYPROPAZINE,166.223,166.110613,0.2666,-2.158,3,2,141.76,0.2591,47.28,-2.9037,0.75,0.591,0.4621,1,12,3,0,3,1,4,1,6,6,2,1,1,0,0,0,1,0,0,1,0,0,0,0,0,0,0,0,0,0,0,NoGeroprotectors,CC(COc1ccccc1)NN,280,1
XIMELAGATRAN,473.572,473.26382,1.1936,-3.529,10,4,367.93,0.31384,146.35,-3.3946,0.58824,0.58059,0.81719,1,34,10,0,10,2,11,3,6,17,4,3,2,1,2,2,1,1,1,1,1,1,0,2,1,1,0,0,1,0,0,NoGeroprotectors,CCOC(=O)CN[C@@H](C(=O)N1CC[C@H]1C(=O)NCc1ccc(/C(N)=N\O)cc1)C1CCCCC1,281,0
NIALAMIDE,298.345,298.142976,0.0724,-2.423,6,3,242.94,0.29402,83.12,3.4317,0.72727,0.61078,0.55886,1,22,6,0,6,0,7,2,12,4,4,2,1,1,0,0,2,0,0,1,0,0,1,1,0,0,0,1,0,0,0,NoGeroprotectors,O=C(CCNNC(=O)c1ccncc1)NCc1ccccc1,282,1
TILBROQUINOL,238.084,236.978925,2.699,-3.204,2,1,143.86,0.16732,33.12,-3.736,0.53846,0.0,0.74957,1,13,3,0,3,0,0,2,10,2,0,2,1,1,0,0,2,0,0,1,0,0,1,0,0,0,0,1,0,0,0,NoGeroprotectors,Cc1cc(Br)c(O)c2ncccc12,283,0
PIPAMAZINE,401.961,401.132859,4.3351,-5.468,4,1,294.62,0.17955,74.87,8.6036,0.51852,0.41909,0.85267,1,27,6,0,6,0,5,4,12,11,2,4,2,2,1,2,2,0,0,2,1,2,0,1,2,1,1,0,1,0,0,NoGeroprotectors,NC(=O)C1CCN(CCCN2c3ccccc3Sc3ccc(Cl)cc32)CC1,284,0
SULFACARBAMIDE,215.232,215.036462,-0.4581,-1.79,6,3,148.09,0.56466,123.66,5.8297,0.64286,0.5256,0.59188,1,14,7,0,7,0,1,1,6,1,3,1,1,0,0,0,1,0,0,1,0,0,0,2,1,0,1,0,0,0,0,NoGeroprotectors,NC(=O)NS(=O)(=O)c1ccc(N)cc1,285,1
TRIACETYLDIPHENOLISATIN,443.454,443.136889,3.7385,-5.048,7,0,327.77,0.23099,89.98,2.4582,0.45455,0.38056,0.87682,1,33,7,0,7,0,6,4,18,6,12,4,3,1,0,1,3,0,0,3,0,1,0,1,0,0,0,0,0,0,0,NoGeroprotectors,CC(=O)Oc1ccc(C2(c3ccc(OC(C)=O)cc3)C(=O)N(C(C)=O)c3ccccc32)cc1,286,0
SUPROFEN,260.312,260.050715,2.5669,-4.072,3,1,195.57,0.30444,82.61,3.0367,0.61111,0.46867,0.66485,1,18,4,0,4,1,4,2,11,3,2,2,1,1,0,0,2,0,0,1,0,0,1,0,0,0,0,0,0,1,0,NoGeroprotectors,CC(C(=O)O)c1ccc(C(=O)c2cccs2)cc1,287,0
CERIVASTATIN SODIUM,481.538,459.242102,4.3196,-5.688,6,3,364.01,0.2014,99.88,-0.28335,0.45455,0.53957,0.87713,2,33,7,0,7,2,11,2,12,16,4,2,1,1,0,0,2,0,0,1,0,0,1,0,0,0,0,1,0,1,0,NoGeroprotectors,COCc1c(C(C)C)nc(C(C)C)c(/C=C/[C@@H](O)C[C@@H](O)CC(=O)[O-])c1-c1ccc(F)cc1.[Na+],288,0
BUCETIN,223.271,223.120844,1.5866,-2.417,4,2,183.36,0.2596,58.56,-3.2636,0.75,0.53749,0.5406,1,16,4,0,4,1,5,1,6,7,2,1,1,0,0,0,1,0,0,1,0,0,0,1,0,0,0,0,0,0,0,NoGeroprotectors,CCOc1ccc(NC(=O)CC(C)O)cc1,289,0
IOXITALAMIC ACID,643.928,643.780217,1.0781,-4.817,7,4,280.75,0.3143,115.73,2.4715,0.5,0.55669,0.87464,1,22,10,0,10,0,5,1,6,5,0,1,1,0,0,0,1,0,0,1,0,0,0,2,0,0,0,0,0,1,0,NoGeroprotectors,CC(=O)Nc1c(I)c(C(=O)O)c(I)c(C(=O)NCCO)c1I,290,0
SULFATHIAZOLE,255.321,255.013617,0.9067,-2.758,5,2,176.28,0.49149,121.7,4.867,0.625,0.47556,0.66485,1,16,7,0,7,0,2,2,11,1,3,2,1,1,0,0,2,0,0,1,0,0,1,1,1,0,1,1,0,0,0,NoGeroprotectors,Nc1ccc(S(=O)(=O)Nc2nccs2)cc1,291,1
CERIVASTATIN,459.556,459.242102,4.3196,-5.688,6,3,364.01,0.2014,99.88,-0.28335,0.45455,0.53957,0.87713,1,33,7,0,7,2,11,2,12,16,4,2,1,1,0,0,2,0,0,1,0,0,1,0,0,0,0,1,0,1,0,NoGeroprotectors,COCc1c(C(C)C)nc(C(C)C)c(/C=C/[C@@H](O)C[C@@H](O)CC(=O)O)c1-c1ccc(F)cc1,292,0
ASTEMIZOLE,458.579,458.248189,5.1461,-4.565,5,1,361.03,0.11869,42.32,6.3819,0.61765,0.37282,0.83438,1,34,6,0,6,0,8,5,21,11,6,5,3,2,1,1,4,0,0,3,1,1,1,0,2,1,1,2,2,0,0,NoGeroprotectors,COc1ccc(CCN2CCC(Nc3nc4ccccc4n3Cc3ccc(F)cc3)CC2)cc1,293,0
CLOFOREX,255.744,255.102606,3.4582,-3.724,3,1,202.6,0.17029,38.33,-13.33,0.70588,0.61081,0.60487,1,17,4,0,4,0,5,1,6,7,3,1,1,0,0,0,1,0,0,1,0,0,0,1,0,0,0,0,0,0,0,NoGeroprotectors,CCOC(=O)NC(C)(C)Cc1ccc(Cl)cc1,294,0
FENFLURAMINE HYDROCHLORIDE,267.721,231.123483,3.06,-3.06,1,1,178.72,0.064123,12.03,-4.0427,0.625,0.64687,0.655,2,16,4,0,4,1,5,1,6,7,2,1,1,0,0,0,1,0,0,1,0,0,0,0,1,1,0,0,1,0,0,NoGeroprotectors,CCNC(C)Cc1cccc(C(F)(F)F)c1.Cl,295,0
DEXFENFLURAMINE HYDROCHLORIDE,267.721,231.123483,3.06,-3.06,1,1,178.72,0.064123,12.03,-4.0427,0.625,0.64687,0.655,2,16,4,0,4,1,5,1,6,7,2,1,1,0,0,0,1,0,0,1,0,0,0,0,1,1,0,0,1,0,0,NoGeroprotectors,CCN[C@@H](C)Cc1cccc(C(F)(F)F)c1.Cl,296,0
PROPOXYPHENE,339.477,339.219829,4.2826,-3.353,3,0,284.3,0.093528,29.54,5.3569,0.4,0.53708,0.78706,1,25,3,0,3,2,9,2,12,11,5,2,2,0,0,0,2,0,0,2,0,0,0,0,1,1,0,0,1,0,0,NoGeroprotectors,CCC(=O)O[C@](Cc1ccccc1)(c1ccccc1)[C@H](C)CN(C)C,297,0
GREPAFLOXACIN HYDROCHLORIDE,395.861,359.16452,-0.8578,-4.042,6,2,256.05,0.2255,72.88,4.2763,0.46154,0.31645,0.94147,2,26,7,0,7,1,3,4,6,12,1,4,2,2,2,3,1,1,1,1,1,2,0,0,2,1,1,0,1,1,0,NoGeroprotectors,Cc1c(F)c(N2CCNC(C)C2)cc2c1c(=O)c(C(=O)O)cn2C1CC1.Cl,298,1
PRENYLAMINE,329.485,329.214349,5.6356,-4.836,1,1,282.78,0.040526,12.03,5.589,0.56,0.52449,0.59188,1,25,1,0,1,1,8,3,18,7,10,3,3,0,0,0,3,0,0,3,0,0,0,0,1,1,0,0,1,0,0,NoGeroprotectors,CC(Cc1ccccc1)NCCC(c1ccccc1)c1ccccc1,299,0
TERFENADINE,471.683,471.313729,6.2596,-5.386,3,2,381.2,0.078043,43.7,3.4429,0.54286,0.50331,0.74882,1,35,3,0,3,1,9,4,18,17,14,4,3,1,1,1,3,0,0,3,1,1,0,0,1,1,0,0,1,0,0,NoGeroprotectors,CC(C)(C)c1ccc(C(O)CCCN2CCC(C(O)(c3ccccc3)c3ccccc3)CC2)cc1,300,0
CHLORPHENTERMINE HYDROCHLORIDE,220.142,183.081476,2.4405,-2.911,1,1,145.89,0.10467,26.02,-0.91538,0.66667,0.54439,0.57233,2,12,2,0,2,0,2,1,6,5,3,1,1,0,0,0,1,0,0,1,0,0,0,0,1,1,0,0,1,0,0,NoGeroprotectors,CC(C)(N)Cc1ccc(Cl)cc1.Cl,301,0
CISAPRIDE,465.951,465.183062,3.0142,-4.201,7,2,351.4,0.20865,86.05,3.7975,0.625,0.49605,0.81387,1,32,9,0,9,2,9,3,12,14,2,3,2,1,1,1,2,0,0,2,1,1,0,1,2,1,1,0,1,0,0,NoGeroprotectors,COc1cc(N)c(Cl)cc1C(=O)NC1CCN(CCCOc2ccc(F)cc2)CC1OC,302,0
PERGOLIDE MESYLATE,410.601,314.181668,4.1329,-4.053,2,1,242.8,0.14428,44.33,4.1219,0.45455,0.28305,0.93004,2,22,3,0,3,3,4,4,9,13,0,4,2,2,1,2,2,0,1,1,1,1,1,0,1,1,0,1,1,0,0,NoGeroprotectors,CCCN1C[C@H](CSC)C[C@@H]2c3cccc4[nH]cc(c34)C[C@H]21.CS(=O)(=O)O,303,0
PROBUCOL,516.852,516.30957,10.673,-8.804,2,2,404.39,0.15129,91.06,-2.4621,0.37143,0.67602,0.79493,1,35,4,0,4,0,8,2,12,23,25,2,2,0,0,0,2,0,0,2,0,0,0,0,0,0,0,0,0,0,0,NoGeroprotectors,CC(C)(Sc1cc(C(C)(C)C)c(O)c(C(C)(C)C)c1)Sc1cc(C(C)(C)C)c(O)c(C(C)(C)C)c1,304,0
TERODILINE HYDROCHLORIDE,317.902,281.214349,4.9336,-4.188,1,1,242.69,0.047221,12.03,4.6754,0.47619,0.51061,0.57248,2,21,1,0,1,1,6,2,12,9,10,2,2,0,0,0,2,0,0,2,0,0,0,0,1,1,0,0,1,0,0,NoGeroprotectors,CC(CC(c1ccccc1)c1ccccc1)NC(C)(C)C.Cl,305,0
VINCAMINE,354.448,354.194343,3.7907,-3.012,5,1,255.12,0.1825,54.7,1.8025,0.34615,0.22994,1.047,1,26,5,0,5,3,3,5,9,15,0,5,1,4,2,3,2,0,0,1,2,3,1,0,1,1,0,1,1,0,0,NoGeroprotectors,CC[C@]12CCCN3CCc4c(n(c5ccccc45)[C@@](O)(C(=O)OC)C1)[C@@H]32,306,0
CLOBUTINOL,255.788,255.138991,2.8045,-2.388,2,1,204.8,0.081299,23.47,6.5919,0.64706,0.67051,0.62778,1,17,3,0,3,2,5,1,6,10,3,1,1,0,0,0,1,0,0,1,0,0,0,0,1,1,0,0,1,0,0,NoGeroprotectors,CC(CN(C)C)C(C)(O)Cc1ccc(Cl)cc1,307,0
ENCAINIDE HYDROCHLORIDE,388.937,352.215078,4.2959,-4.076,4,1,288.61,0.13184,41.57,3.4217,0.61538,0.47301,0.73536,2,26,4,0,4,1,6,3,12,11,2,3,2,1,1,1,2,0,0,2,1,1,0,1,1,1,0,0,1,0,0,NoGeroprotectors,COc1ccc(C(=O)Nc2ccccc2CCC2CCCCN2C)cc1.Cl,308,0
METAPROTERENOL SULFATE,520.598,211.120844,0.4502,-1.142,4,4,167.05,0.30386,72.72,5.321,0.6,0.54994,0.63466,3,15,4,0,4,1,4,1,6,9,4,1,1,0,0,0,1,0,0,1,0,0,0,0,1,1,0,0,1,0,0,NoGeroprotectors,CC(C)NCC(O)c1cc(O)cc(O)c1.CC(C)NCC(O)c1cc(O)cc(O)c1.O=S(=O)(O)O,309,0
ROSIGLITAZONE MALEATE,473.505,357.114712,2.1619,-3.666,6,1,269.07,0.29565,96.83,7.5038,0.68,0.53192,0.70181,2,25,7,0,7,1,7,3,12,7,2,3,1,2,1,1,2,0,0,1,1,1,1,1,1,0,1,1,1,0,0,NoGeroprotectors,CN(CCOc1ccc(CC2SC(=O)NC2=O)cc1)c1ccccn1.O=C(O)/C=C\C(=O)O,310,0
THIORIDAZINE HYDROCHLORIDE,407.044,370.153738,5.5295,-5.947,2,0,281.18,0.14966,57.08,3.6773,0.48,0.37526,0.84401,2,25,4,0,4,1,4,4,12,13,0,4,2,2,1,2,2,0,0,2,1,2,0,0,2,1,1,0,1,0,0,NoGeroprotectors,CSc1ccc2c(c1)N(CCC1CCCCN1C)c1ccccc1S2.Cl,311,0
FENSPIRIDE,260.336,260.152478,1.7431,-2.343,4,1,202.5,0.1879,41.57,-2.2937,0.68421,0.41554,0.65055,1,19,4,0,4,0,3,3,6,10,4,3,1,2,2,2,1,0,0,1,2,2,0,1,1,1,0,0,1,0,0,NoGeroprotectors,O=C1NCC2(CCN(CCc3ccccc3)CC2)O1,312,0
ROSIGLITAZONE,357.433,357.114712,2.1619,-3.666,6,1,269.07,0.29565,96.83,7.5038,0.68,0.53192,0.70181,1,25,7,0,7,1,7,3,12,7,2,3,1,2,1,1,2,0,0,1,1,1,1,1,1,0,1,1,1,0,0,NoGeroprotectors,CN(CCOc1ccc(CC2SC(=O)NC2=O)cc1)c1ccccn1,313,0
THIORIDAZINE,370.583,370.153738,5.5295,-5.947,2,0,281.18,0.14966,57.08,3.6773,0.48,0.37526,0.84401,1,25,4,0,4,1,4,4,12,13,0,4,2,2,1,2,2,0,0,2,1,2,0,0,2,1,1,0,1,0,0,NoGeroprotectors,CSc1ccc2c(c1)N(CCC1CCCCN1C)c1ccccc1S2,314,0
TEGASEROD,301.393,301.19026,2.8267,-3.563,6,4,254.98,0.2903,85.29,-0.46519,0.72727,0.42069,0.75761,1,22,6,0,6,0,7,2,9,7,0,2,1,1,0,0,2,0,0,1,0,0,1,0,0,0,0,1,1,0,0,NoGeroprotectors,CCCCCNC(=N)N/N=C/c1c[nH]c2ccc(OC)cc12,315,1
PROPOXYPHENE HYDROCHLORIDE,375.938,339.219829,4.2826,-3.353,3,0,284.3,0.093528,29.54,5.3569,0.4,0.53708,0.78706,2,25,3,0,3,2,9,2,12,11,5,2,2,0,0,0,2,0,0,2,0,0,0,0,1,1,0,0,1,0,0,NoGeroprotectors,CCC(=O)O[C@](Cc1ccccc1)(c1ccccc1)[C@H](C)CN(C)C.Cl,316,0
BENFLUOREX,351.367,351.144613,4.0617,-4.133,3,1,267.73,0.12886,38.33,-1.9406,0.64,0.59885,0.69646,1,25,6,0,6,1,9,2,12,8,4,2,2,0,0,0,2,0,0,2,0,0,0,0,1,1,0,0,1,0,0,NoGeroprotectors,CC(Cc1cccc(C(F)(F)F)c1)NCCOC(=O)c1ccccc1,317,0
PERGOLIDE,314.495,314.181668,4.1329,-4.053,2,1,242.8,0.14428,44.33,4.1164,0.45455,0.28305,0.93004,1,22,3,0,3,3,4,4,9,13,0,4,2,2,1,2,2,0,1,1,1,1,1,0,1,1,0,1,1,0,0,NoGeroprotectors,CCCN1C[C@H](CSC)C[C@@H]2c3cccc4[nH]cc(c34)C[C@H]21,318,0
PROPOXYPHENE NAPSYLATE,565.729,339.219829,4.2826,-3.353,3,0,284.3,0.093528,29.54,6.8292,0.4,0.53708,0.78706,3,25,3,0,3,2,9,2,12,11,5,2,2,0,0,0,2,0,0,2,0,0,0,0,1,1,0,0,1,0,0,NoGeroprotectors,CCC(=O)O[C@](Cc1ccccc1)(c1ccccc1)[C@H](C)CN(C)C.O.O=S(=O)(O)c1ccc2ccccc2c1,319,0
SERTINDOLE,440.948,440.177916,4.4892,-6.89,5,1,323.98,0.11874,40.51,6.2171,0.54839,0.42026,0.86856,1,31,7,0,7,0,5,5,15,10,4,5,2,3,2,2,3,0,0,2,2,2,1,2,1,1,0,1,1,0,0,NoGeroprotectors,O=C1NCCN1CCN1CCC(c2cn(-c3ccc(F)cc3)c3ccc(Cl)cc23)CC1,320,0
TRICHLOROETHANE,133.405,131.930031,2.4217,-2.185,0,0,82.43,0.0,0.0,-5.2119,0.6,0.0,0.80472,1,5,3,0,3,0,0,0,0,2,2,0,0,0,0,0,0,0,0,0,0,0,0,0,0,0,0,0,0,0,0,NoGeroprotectors,CC(Cl)(Cl)Cl,321,0
CHLORMADINONE ACETATE,404.932,404.175437,3.8241,-4.965,4,0,287.92,0.1706,60.44,1.7843,0.46429,0.18388,1.005,1,28,5,0,5,6,3,4,0,17,0,4,4,0,2,4,0,2,4,0,0,0,0,0,0,0,0,0,0,0,0,NoGeroprotectors,CC(=O)O[C@]1(C(C)=O)CC[C@H]2[C@@H]3C=C(Cl)C4=CC(=O)CC[C@]4(C)[C@H]3CC[C@@]21C,322,0
CHLOROFORM,119.378,117.914381,1.6348,-3.509,0,0,72.26,0.0,0.0,-2.2663,0.75,0.0,0.0,1,4,3,0,3,0,0,0,0,1,2,0,0,0,0,0,0,0,0,0,0,0,0,0,0,0,0,0,0,0,0,NoGeroprotectors,ClC(Cl)Cl,323,0
ANAGESTONE ACETATE,372.547,372.266445,4.6579,-5.01,3,0,282.32,0.1278,43.37,-1.9703,0.44444,0.19918,0.95477,1,27,3,0,3,7,3,4,0,21,0,4,4,0,3,4,0,3,4,0,0,0,0,0,0,0,0,0,0,0,0,NoGeroprotectors,CC(=O)O[C@]1(C(C)=O)CCC2[C@@H]3C[C@H](C)C4=CCCC[C@]4(C)[C@H]3CC[C@@]21C,324,0
LORCASERIN,195.692,195.081476,3.1359,-3.057,1,1,152.68,0.075059,12.03,1.1494,0.53846,0.17253,0.68976,1,13,2,0,2,1,0,2,6,6,0,2,1,1,0,1,1,0,0,1,0,1,0,0,1,1,0,0,1,0,0,NoGeroprotectors,C[C@H]1CNCCc2ccc(Cl)cc21,325,0
PRONETALOL,229.322,229.146664,2.336,-3.34,2,2,188.95,0.12998,32.26,6.2985,0.64706,0.39196,0.63466,1,17,2,0,2,1,4,2,10,7,1,2,2,0,0,0,2,0,0,2,0,0,0,0,1,1,0,0,1,0,0,NoGeroprotectors,CC(C)NCC(O)c1ccc2ccccc2c1,326,0
TETRAMETHRIN,331.41,331.178359,2.9536,-3.284,5,0,247.43,0.21287,63.68,-2.6054,0.54167,0.51226,0.83887,1,24,5,0,5,2,5,3,0,13,7,3,2,1,1,3,0,1,2,0,0,1,0,1,0,0,0,0,0,0,0,NoGeroprotectors,CC(C)=CC1C(C(=O)OCN2C(=O)C3=C(CCCC3)C2=O)C1(C)C,327,0
BIOALLETHRIN,302.412,302.188195,4.4136,-3.491,3,0,240.9,0.14977,43.37,-1.7903,0.59091,0.26805,0.79548,1,22,3,0,3,3,6,2,0,12,2,2,2,0,1,2,0,1,2,0,0,0,0,0,0,0,0,0,0,0,0,NoGeroprotectors,C=CCC1=C(C)C(OC(=O)[C@@H]2[C@@H](C=C(C)C)C2(C)C)CC1=O,328,0
INGENOL MEBUTATE,430.539,430.23554,2.661,-3.227,6,3,305.49,0.24675,104.06,-2.5836,0.41935,0.26485,1.0452,1,31,6,0,6,8,4,4,0,21,1,4,4,0,2,4,0,2,4,0,0,0,0,0,0,0,0,0,0,0,0,NoGeroprotectors,C/C=C(/C)C(=O)O[C@H]1C(C)=C[C@]23C(=O)[C@@H](C=C(CO)[C@@H](O)[C@]12O)[C@H]1[C@@H](C[C@H]3C)C1(C)C,329,1
DANTHRON,240.214,240.04226,2.342,-4.138,4,2,167.72,0.31171,74.6,-1.0702,0.44444,0.01098,0.84047,1,18,4,0,4,0,0,3,12,2,7,3,3,0,1,1,2,1,1,2,0,0,0,0,0,0,0,0,0,0,0,NoGeroprotectors,O=C1c2cccc(O)c2C(=O)c2c(O)cccc21,330,1
FENCLOFENAC,297.136,296.000699,3.7504,-5.363,3,1,211.72,0.1707,46.53,-1.475,0.57895,0.53565,0.72413,1,19,5,0,5,0,4,2,12,3,0,2,2,0,0,0,2,0,0,2,0,0,0,0,0,0,0,0,0,1,0,NoGeroprotectors,O=C(O)Cc1ccccc1Oc1ccc(Cl)cc1Cl,331,0
"GLYCEROL, IODINATED",258.05,257.975293,0.6254,-0.884,3,1,129.91,0.25479,38.69,-0.49846,0.7,0.5144,0.59915,1,10,4,0,4,3,2,1,0,9,0,1,0,1,1,1,0,0,0,0,1,1,0,0,0,0,0,0,0,0,0,NoGeroprotectors,CC(I)C1OCC(CO)O1,332,0
NITROFURAZONE,198.138,198.038906,-0.2462,-3.481,8,2,149.11,0.64255,126.44,2.9708,0.71429,0.32781,0.57758,1,14,8,0,8,0,3,1,5,1,0,1,0,1,0,0,1,0,0,0,0,0,1,1,0,0,0,0,0,0,0,NoGeroprotectors,NC(=O)N/N=C/c1ccc([N+](=O)[O-])o1,333,1
METHAPYRILENE HYDROCHLORIDE,297.853,261.129967,1.891,-2.138,3,0,214.12,0.17948,47.61,6.7797,0.5,0.6231,0.68745,2,18,4,0,4,0,6,2,11,6,1,2,0,2,0,0,2,0,0,0,0,0,2,0,2,1,1,1,2,0,0,NoGeroprotectors,CN(C)CCN(Cc1cccs1)c1ccccn1.Cl,334,0
URETHANE,89.0936,89.047679,-0.0874,-1.15,3,1,75.79,0.50548,52.32,-1.8585,0.83333,0.28335,0.80472,1,6,3,0,3,0,2,0,0,3,0,0,0,0,0,0,0,0,0,0,0,0,0,1,0,0,0,0,0,0,0,NoGeroprotectors,CCOC(N)=O,335,1
FEPRAZONE,320.391,320.152478,3.5511,-3.072,4,0,251.11,0.13213,40.62,3.8717,0.45833,0.42692,0.83685,1,24,4,0,4,0,4,3,12,4,12,3,2,1,1,1,2,0,0,2,1,1,0,0,0,0,0,0,0,0,0,NoGeroprotectors,CC(C)=CCC1C(=O)N(c2ccccc2)N(c2ccccc2)C1=O,336,0
METHAPYRILENE FUMARATE,870.999,261.129967,1.891,-2.138,3,0,214.12,0.17948,47.61,6.7797,0.5,0.6231,0.68745,5,18,4,0,4,0,6,2,11,6,1,2,0,2,0,0,2,0,0,0,0,0,2,0,2,1,1,1,2,0,0,NoGeroprotectors,CN(C)CCN(Cc1cccs1)c1ccccn1.CN(C)CCN(Cc1cccs1)c1ccccn1.O=C(O)/C=C/C(=O)O.O=C(O)/C=C/C(=O)O.O=C(O)/C=C/C(=O)O,337,0
GENTIAN VIOLET,407.987,372.243972,0.6992,-3.473,3,0,302.61,0.0062787,9.49,-10.07,0.46429,0.44797,0.75973,2,28,3,0,3,0,4,3,12,6,15,3,3,0,0,1,2,0,1,2,0,0,0,0,2,0,2,0,0,0,0,NoGeroprotectors,CN(C)c1ccc(C(=C2C=CC(=[N+](C)C)C=C2)c2ccc(N(C)C)cc2)cc1.[Cl-],338,0
CARBARIL,201.224,201.078979,2.5697,-3.701,3,1,159.33,0.21653,38.33,-3.09,0.6,0.048625,0.64441,1,15,3,0,3,0,2,2,10,2,0,2,2,0,0,0,2,0,0,2,0,0,0,1,0,0,0,0,0,0,0,NoGeroprotectors,CNC(=O)Oc1cccc2ccccc12,339,0
INDOPROFEN,281.31,281.105194,2.2291,-3.687,4,1,210.19,0.20329,57.61,3.7067,0.57143,0.44387,0.77499,1,21,4,0,4,1,3,3,12,4,2,3,2,1,0,1,2,0,0,2,0,1,0,1,0,0,0,0,0,1,0,NoGeroprotectors,CC(C(=O)O)c1ccc(N2Cc3ccccc3C2=O)cc1,340,0
PHENOLPHTHALEIN,318.327,318.08921,3.5382,-3.06,4,2,230.14,0.21396,66.76,-1.2682,0.45833,0.33443,0.81766,1,24,4,0,4,0,2,4,18,4,9,4,3,1,0,1,3,0,0,3,0,1,0,0,0,0,0,0,0,0,0,NoGeroprotectors,O=C1OC(c2ccc(O)cc2)(c2ccc(O)cc2)c2ccccc21,341,0
CANRENONE,340.461,340.203845,3.3562,-4.438,3,0,246.04,0.14664,43.37,-2.9132,0.52,0.15396,0.98567,1,25,3,0,3,6,0,5,0,17,0,5,4,1,3,5,0,2,4,0,1,1,0,0,0,0,0,0,0,0,0,NoGeroprotectors,C[C@]12CCC(=O)C=C1C=C[C@@H]1[C@@H]2CC[C@@]2(C)[C@H]1CC[C@@]21CCC(=O)O1,342,0
PHENOTHRIN,350.456,350.188195,5.3937,-5.656,3,0,280.19,0.11792,35.53,-0.023795,0.61538,0.55486,0.73864,1,26,3,0,3,2,7,3,12,10,4,3,3,0,1,1,2,1,1,2,0,0,0,0,0,0,0,0,0,0,0,NoGeroprotectors,CC(C)=CC1C(C(=O)OCc2cccc(Oc3ccccc3)c2)C1(C)C,343,0
PERMETHRIN,391.293,390.078949,5.8089,-6.469,3,0,286.51,0.11532,35.53,0.92471,0.61538,0.55486,0.75032,1,26,5,0,5,2,7,3,12,8,4,3,3,0,1,1,2,1,1,2,0,0,0,0,0,0,0,0,0,0,0,NoGeroprotectors,CC1(C)C(C=C(Cl)Cl)C1C(=O)OCc1cccc(Oc2ccccc2)c1,344,0
Paclitaxel,853.915,853.330959,3.188,-6.289,15,4,605.19,0.29577,221.29,0.82049,0.32258,0.38593,1.0822,1,62,15,0,15,11,14,7,18,29,7,6,5,1,2,3,3,1,2,3,1,1,0,1,0,0,0,0,0,0,0,NoGeroprotectors,CC1=C2C(C(=O)C3(C(CC4C(C3C(C(C2(C)C)(CC1OC(=O)C(C(C5=CC=CC=C5)NC(=O)C6=CC=CC=C6)O)O)OC(=O)C7=CC=CC=C7)(CO4)OC(=O)C)O)C)OC(=O)C,345,0
Taraxerone,424.71,424.370515,7.4843,-6.704,1,0,324.1,0.040234,17.07,-4.4575,0.41935,0.3037,0.96627,1,31,1,0,1,7,0,5,0,27,2,5,5,0,4,5,0,4,5,0,0,0,0,0,0,0,0,0,0,0,0,NoGeroprotectors,CC1(CCC2(CC=C3C4(CCC5C(C(=O)CCC5(C4CCC3(C2C1)C)C)(C)C)C)C)C,346,0
Nitrilotriacetic acid,191.138,191.042989,-3.8594,0.868,7,3,137.38,0.59667,115.14,-8.1014,0.53846,0.7624,0.49074,1,13,7,0,7,0,6,0,0,7,8,0,0,0,0,0,0,0,0,0,0,0,0,0,1,1,0,0,1,3,0,NoGeroprotectors,C(C(=O)O)N(CC(=O)O)CC(=O)O,347,1
Ferric nitrilotriacetate,243.96,191.042989,-3.8594,0.868,7,3,137.38,0.59667,115.14,-8.1014,0.53846,0.7624,0.49074,2,13,7,0,7,0,6,0,0,7,8,0,0,0,0,0,0,0,0,0,0,0,0,0,1,1,0,0,1,3,0,NoGeroprotectors,C(C(=O)[O-])N(CC(=O)[O-])CC(=O)[O-].[Fe+3],348,1
Fulvalene,128.174,128.0626,1.9462,-1.884,0,0,115.42,0.0,0.0,-0.74083,0.6,0.0,0.49698,1,10,0,0,0,0,0,2,0,0,7,2,2,0,0,2,0,0,2,0,0,0,0,0,0,0,0,0,0,0,0,NoGeroprotectors,C1=CC(=C2C=CC=C2)C=C1,349,0
"Tetrabenzo[5,7]fulvalene",354.451,354.14085,7.1562,-8.212,0,0,274.96,0.0,0.0,-1.0458,0.35714,0.092292,0.88752,1,28,0,0,0,0,0,6,24,0,13,6,6,0,0,2,4,0,2,4,0,0,0,0,0,0,0,0,0,0,0,NoGeroprotectors,C1=CC=C2C(=C1)C=CC3=CC=CC=C3C2=C4C5=CC=CC=C5C6=CC=CC=C64,350,0
Guayulin C,366.499,366.219495,4.5801,-4.893,3,1,277.49,0.13024,46.53,-6.0127,0.51852,0.30027,0.87927,1,27,3,0,3,6,4,4,6,15,3,4,4,0,3,3,1,3,3,1,0,0,0,0,0,0,0,0,0,0,0,NoGeroprotectors,CC1(C2C1C3C(CCC3(C)O)C(=C)CC2OC(=O)C=CC4=CC=CC=C4)C,351,0
Midazolam,325.773,325.078202,3.2751,-6.815,3,0,238.0,0.12332,30.18,2.7386,0.43478,0.18345,0.90475,1,23,5,0,5,0,1,4,17,2,0,4,2,2,0,1,3,0,0,2,0,1,1,0,0,0,0,2,0,0,0,NoGeroprotectors,CC1=NC=C2N1C3=C(C=C(C=C3)Cl)C(=NC2)C4=CC=CC=C4F,352,0
"2,4-Dinitrophenyl thiocyanate",225.184,224.984427,0.0246,-3.145,7,0,159.8,0.57503,140.73,-10.46,0.6,0.45571,0.69969,1,15,8,0,8,0,3,1,6,3,0,1,1,0,0,0,1,0,0,1,0,0,0,0,0,0,0,0,0,0,0,NoGeroprotectors,C1=CC(=C(C=C1[N+](=O)[O-])[N+](=O)[O-])SC#N,353,0
Niravoline,379.459,379.189592,2.7047,-3.314,6,0,287.86,0.17564,69.37,0.45139,0.46429,0.53819,0.87275,1,28,6,0,6,2,5,4,12,11,2,4,3,1,1,2,2,0,1,2,1,1,0,1,1,1,0,0,1,0,0,NoGeroprotectors,CN(C1C(CC2=CC=CC=C12)N3CCCC3)C(=O)CC4=CC(=CC=C4)[N+](=O)[O-],354,0
Dronabinol,314.467,314.22458,6.131,-4.807,2,1,254.33,0.090827,29.46,-11.786,0.56522,0.37623,0.90011,1,23,2,0,2,2,4,3,6,15,1,3,2,1,0,2,1,0,1,1,0,1,0,0,0,0,0,0,0,0,0,NoGeroprotectors,CCCCCC1=CC(=C2C3C=C(CCC3C(OC2=C1)(C)C)C)O,355,0
Scopolamine,303.357,303.147059,0.779,-2.295,5,1,223.35,0.25673,62.3,2.875,0.54545,0.3741,0.80291,1,22,5,0,5,5,5,4,6,14,5,6,2,4,5,5,1,1,1,1,4,4,0,0,1,1,0,0,1,0,0,NoGeroprotectors,CN1C2CC(CC1C3C2O3)OC(=O)C(CO)C4=CC=CC=C4,356,0
Scopoletin,192.17,192.04226,1.0817,-2.092,4,1,142.62,0.32352,55.76,-3.0612,0.64286,0.13351,0.73114,1,14,4,0,4,0,1,2,6,4,0,2,1,1,0,1,1,0,0,1,0,1,0,0,0,0,0,0,0,0,0,NoGeroprotectors,COC1=C(C=C2C(=C1)C=CC(=O)O2)O,357,0
Benzedrone,253.344,253.146664,2.6791,-3.83,2,1,213.01,0.11502,29.1,3.5826,0.68421,0.5359,0.60279,1,19,2,0,2,1,5,2,12,5,4,2,2,0,0,0,2,0,0,2,0,0,0,0,1,1,0,0,1,0,0,NoGeroprotectors,CC1=CC=C(C=C1)C(=O)C(C)NCC2=CC=CC=C2,358,0
Butylone,221.255,221.105194,1.4829,-3.144,4,1,173.51,0.25647,47.56,2.9085,0.5625,0.42481,0.71096,1,16,4,0,4,1,4,2,6,8,0,2,1,1,0,1,1,0,0,1,0,1,0,0,1,1,0,0,1,0,0,NoGeroprotectors,CCC(C(=O)C1=CC2=C(C=C1)OCO2)NC,359,0
Pentobarbital,248.257,226.131743,1.2032,-2.651,5,2,177.25,0.35063,78.76,3.5439,0.5625,0.56573,0.75107,2,16,5,0,5,2,4,1,0,9,0,1,0,1,0,1,0,0,0,0,0,1,0,1,0,0,0,0,0,0,0,NoGeroprotectors,CCCC(C)C1(C(=O)NC(=NC1=O)[O-])CC.[Na+],360,0
Ricinine,164.164,164.058578,-0.4978,-1.072,4,0,133.7,0.3003,53.33,-1.0535,0.58333,0.34752,0.72179,1,12,4,0,4,0,1,1,0,3,0,1,0,1,0,1,0,0,0,0,0,1,0,1,0,0,0,0,0,0,0,NoGeroprotectors,CN1C=CC(=C(C1=O)C#N)OC,361,0
PMMA,215.723,179.131014,1.7354,-2.0,2,1,157.76,0.13603,21.26,2.8909,0.76923,0.60418,0.59256,2,13,2,0,2,1,4,1,6,7,2,1,1,0,0,0,1,0,0,1,0,0,0,0,1,1,0,0,1,0,0,NoGeroprotectors,CC(CC1=CC=C(C=C1)OC)NC.Cl,362,0
Molidustat,314.308,314.123972,-1.8021,-2.19,10,1,229.82,0.40184,101.3,-0.63202,0.56522,0.29138,0.84206,1,23,10,0,10,0,3,4,11,5,2,4,0,4,1,2,2,0,0,0,1,2,2,0,1,0,1,5,0,0,0,NoGeroprotectors,C1COCCN1C2=NC=NC(=C2)N3C(=O)C(=CN3)N4C=CN=N4,363,0
Phorbol,364.436,364.18859,0.0565,-1.863,6,5,239.12,0.32845,118.22,-2.8615,0.34615,0.29898,1.0097,1,26,6,0,6,8,1,4,0,20,1,5,5,0,3,5,0,3,5,0,0,0,0,0,0,0,0,0,0,0,0,NoGeroprotectors,CC1C(C2(C(C2(C)C)C3C1(C4C=C(C(=O)C4(CC(=C3)CO)O)C)O)O)O,364,1
Prostratin,390.474,390.20424,1.3932,-2.672,6,3,267.69,0.28159,104.06,-2.1744,0.39286,0.33993,1.0052,1,28,6,0,6,7,3,4,0,20,1,5,5,0,3,5,0,3,5,0,0,0,0,0,0,0,0,0,0,0,0,NoGeroprotectors,CC1CC2(C(C2(C)C)C3C1(C4C=C(C(=O)C4(CC(=C3)CO)O)C)O)OC(=O)C,365,1
Formaldehyde,30.0259,30.010565,-0.1834,-0.58,1,0,31.08,0.41956,17.07,-2.3891,1.0,0.0,0.0,1,2,1,0,1,0,0,0,0,0,0,0,0,0,0,0,0,0,0,0,0,0,0,0,0,0,0,0,0,0,0,NoGeroprotectors,C=O,366,1
Sildenafil,474.584,474.204924,1.0802,-1.819,10,1,350.7,0.2838,117.51,6.5304,0.48485,0.43437,0.94553,1,33,11,0,11,0,6,4,11,14,3,4,1,3,1,2,2,0,0,1,1,2,1,2,1,1,0,2,1,0,0,NoGeroprotectors,CCCC1=NN(C2=C1N=C(NC2=O)C3=C(C=CC(=C3)S(=O)(=O)N4CCN(CC4)C)OCC)C,367,0
Ethinamate,167.207,167.094629,0.9809,-2.857,3,1,139.29,0.27504,52.32,-3.9694,0.58333,0.39949,0.57233,1,12,3,0,3,0,2,1,0,7,2,1,1,0,1,1,0,1,1,0,0,0,0,1,0,0,0,0,0,0,0,NoGeroprotectors,C#CC1(CCCCC1)OC(=O)N,368,0
gardenin B,358.345,358.105255,2.7471,-3.52,7,1,267.37,0.28477,83.45,0.40331,0.53846,0.33546,0.89827,1,26,7,0,7,0,5,3,12,10,2,3,2,1,0,1,2,0,0,2,0,1,0,0,0,0,0,0,0,0,0,NoGeroprotectors,COC1=CC=C(C=C1)C2=CC(=O)C3=C(C(=C(C(=C3O2)OC)OC)OC)O,369,0
spautin-1,271.269,271.092103,3.0314,-4.649,3,1,203.06,0.16448,37.81,-1.4333,0.6,0.39483,0.75402,1,20,5,0,5,0,3,3,16,1,2,3,2,1,0,0,3,0,0,2,0,0,1,0,1,0,1,2,0,0,0,NoGeroprotectors,C1=CC(=CC=C1CNC2=NC=NC3=C2C=C(C=C3)F)F,370,0
tetrachlorobenzoquinone,245.876,243.865238,1.7616,-3.762,2,0,143.02,0.18235,34.14,-1.5979,0.5,0.013035,0.74811,1,12,6,0,6,0,0,1,0,0,8,1,1,0,0,1,0,0,1,0,0,0,0,0,0,0,0,0,0,0,0,NoGeroprotectors,C1(=C(C(=O)C(=C(C1=O)Cl)Cl)Cl)Cl,371,0
"1,2-Bis(2,4,6-tribromophenoxy)ethane",687.64,681.562446,7.3658,-7.888,2,0,292.32,0.068418,18.46,-11.095,0.63636,0.53869,0.70181,1,22,8,0,8,0,5,2,12,4,14,2,2,0,0,0,2,0,0,2,0,0,0,0,0,0,0,0,0,0,0,NoGeroprotectors,C1=C(C=C(C(=C1Br)OCCOC2=C(C=C(C=C2Br)Br)Br)Br)Br,372,0
"2-morpholino-4H-pyrimido[2,1-a]isoquinolin-4-one",281.314,281.116427,1.2611,-3.561,5,0,210.33,0.19802,45.14,1.2932,0.52381,0.31414,0.84897,1,21,5,0,5,0,1,4,6,5,2,4,1,3,1,3,1,0,0,1,1,3,0,1,0,0,0,0,1,0,0,NoGeroprotectors,C1COCCN1C2=CC(=O)N3C=CC4=CC=CC=C4C3=N2,373,0
afuresertib,427.33,426.048413,3.178,-5.361,5,2,303.88,0.25658,101.18,5.5637,0.51852,0.47028,0.8512,1,27,9,0,9,1,6,3,16,5,0,3,1,2,0,0,3,0,0,1,0,0,2,1,1,1,0,2,1,0,0,NoGeroprotectors,CN1C(=C(C=N1)Cl)C2=C(SC(=C2)C(=O)NC(CC3=CC(=CC=C3)F)CN)Cl,374,0
coagulin-L,650.759,650.33023,0.3691,-3.658,12,7,439.77,0.33604,203.44,-3.3151,0.45652,0.4252,1.0479,1,46,12,0,12,14,5,6,0,38,0,6,4,2,4,6,0,3,4,0,1,2,0,0,0,0,0,0,0,0,0,NoGeroprotectors,CC1=C(C(=O)OC(C1)C(C)(C2(CCC3(C2(CCC4C3CC=C5C4(C(=O)CC(C5)OC6C(C(C(C(O6)CO)O)O)O)C)C)O)O)O)C,375,1
Scutebarbatine A,558.629,558.236603,3.4992,-4.185,9,1,414.61,0.25122,124.91,-0.51892,0.39024,0.33792,1.0089,1,41,9,0,9,6,8,5,12,17,0,5,2,3,1,3,2,1,2,0,0,1,2,0,0,0,0,2,0,0,0,NoGeroprotectors,CC1=CCCC2C1(C(C(C(C2(C)C=CC3=CC(=O)OC3)(C)O)OC(=O)C4=CN=CC=C4)OC(=O)C5=CN=CC=C5)C,376,0
Lupalbigenin,406.476,406.178025,5.6722,-4.605,5,3,317.01,0.19665,86.99,-0.41739,0.53333,0.4146,0.89666,1,30,5,0,5,0,5,3,12,10,2,3,2,1,0,1,2,0,0,2,0,1,0,0,0,0,0,0,0,0,0,NoGeroprotectors,CC(=CCC1=C(C=CC(=C1)C2=COC3=C(C2=O)C(=C(C(=C3)O)CC=C(C)C)O)O)C,377,1
corynoxine B,384.474,384.204908,1.888,-3.369,6,1,288.22,0.21196,67.87,3.3474,0.42857,0.31009,0.9583,1,28,6,0,6,4,5,4,6,15,0,4,1,3,2,3,1,0,0,1,2,3,0,1,1,1,0,0,1,0,0,NoGeroprotectors,CCC1CN2CCC3(C2CC1C(=COC)C(=O)OC)C4=CC=CC=C4NC3=O,378,0
2-Mercaptopteridin-4-ol,180.191,180.010581,-0.7239,-1.546,5,2,130.66,0.65743,99.0,0.51491,0.58333,0.01643,0.78036,1,12,6,0,6,0,0,2,6,1,0,2,0,2,0,1,1,0,0,0,0,1,1,1,0,0,0,2,0,0,0,NoGeroprotectors,C1=CN=C2C(=N1)C(=O)NC(=S)N2,379,1
Lupiwighteone,338.358,338.115425,3.6497,-3.666,5,3,254.02,0.24541,86.99,-0.41739,0.56,0.33984,0.87774,1,25,5,0,5,0,3,3,12,7,3,3,2,1,0,1,2,0,0,2,0,1,0,0,0,0,0,0,0,0,0,NoGeroprotectors,CC(=CCC1=C2C(=C(C=C1O)O)C(=O)C(=CO2)C3=CC=C(C=C3)O)C,380,1
taiwanin E,364.308,364.058305,3.4445,-6.812,7,1,242.5,0.31398,83.45,-1.441,0.40741,0.17981,0.95022,1,27,7,0,7,0,1,6,16,9,0,6,3,3,1,3,3,0,0,3,1,3,0,0,0,0,0,0,0,0,0,NoGeroprotectors,C1C2=C(C3=CC4=C(C=C3C(=C2C(=O)O1)C5=CC6=C(C=C5)OCO6)OCO4)O,381,0
lanatoside C,985.122,984.493,0.5429,-5.797,20,8,674.18,0.34246,288.28,-0.90777,0.49275,0.4628,1.0557,1,69,20,0,20,26,12,9,0,63,0,9,4,5,8,9,0,4,4,0,4,5,0,0,0,0,0,0,0,0,0,NoGeroprotectors,CC1C(C(CC(O1)OC2CCC3(C(C2)CCC4C3CC(C5(C4(CCC5C6=CC(=O)OC6)O)C)O)C)O)OC7CC(C(C(O7)C)OC8CC(C(C(O8)C)OC9C(C(C(C(O9)CO)O)O)O)OC(=O)C)O,382,1
Dibutyl Phthalate,278.347,278.15181,4.1158,-3.578,4,0,235.84,0.19539,52.6,-6.4287,0.7,0.48056,0.70997,1,20,4,0,4,0,10,1,6,10,10,1,1,0,0,0,1,0,0,1,0,0,0,0,0,0,0,0,0,0,0,NoGeroprotectors,CCCCOC(=O)C1=CC=CC=C1C(=O)OCCCC,383,0
Mitonafide,313.312,313.106257,0.9662,-3.114,7,0,226.17,0.2812,86.44,0.56845,0.47826,0.35247,0.91597,1,23,7,0,7,0,4,3,10,6,1,3,2,1,0,1,2,0,0,2,0,1,0,1,1,1,0,0,1,0,0,NoGeroprotectors,CN(C)CCN1C(=O)C2=CC=CC3=CC(=CC(=C32)C1=O)[N+](=O)[O-],384,0
avermectin,873.086,872.49221,5.1346,-6.382,14,3,647.67,0.23521,170.06,6.1564,0.37097,0.41832,1.043,1,62,14,0,14,20,8,7,0,50,0,6,1,5,4,6,0,0,1,0,4,5,0,0,0,0,0,0,0,0,0,NoGeroprotectors,CCC(C)C1C(C=CC2(O1)CC3CC(O2)CC=C(C(C(C=CC=C4COC5C4(C(C=C(C5O)C)C(=O)O3)O)C)OC6CC(C(C(O6)C)OC7CC(C(C(O7)C)O)OC)OC)C)C,385,0
Protodioscin,1049.21,1048.54543,-0.9737,-4.912,22,13,709.17,0.36705,346.06,-1.4842,0.43836,0.47911,1.0746,1,73,22,0,22,31,14,9,0,71,0,9,4,5,8,9,0,3,4,0,5,5,0,0,0,0,0,0,0,0,0,NoGeroprotectors,CC1C2C(CC3C2(CCC4C3CC=C5C4(CCC(C5)OC6C(C(C(C(O6)CO)OC7C(C(C(C(O7)C)O)O)O)O)OC8C(C(C(C(O8)C)O)O)O)C)C)OC1(CCC(C)COC9C(C(C(C(O9)CO)O)O)O)O,386,1
parthenin,262.304,262.12051,0.9307,-2.457,4,1,184.46,0.26662,63.6,-5.759,0.42105,0.19446,0.91574,1,19,4,0,4,5,0,3,0,11,0,3,2,1,2,3,0,1,2,0,1,1,0,0,0,0,0,0,0,0,0,NoGeroprotectors,CC1CCC2C(C3(C1(C=CC3=O)O)C)OC(=O)C2=C,387,1
oxiconazole,429.133,426.98127,5.429,-6.061,4,0,302.91,0.12991,39.41,5.2455,0.53846,0.39798,0.77872,1,26,8,0,8,0,6,3,17,3,0,3,2,1,0,0,3,0,0,2,0,0,1,0,0,0,0,2,1,0,0,NoGeroprotectors,C1=CC(=C(C=C1Cl)Cl)CON=C(CN2C=CN=C2)C3=C(C=C(C=C3)Cl)Cl,388,0
Mycophenolic Acid,320.34,320.12599,2.297,-3.014,6,2,244.49,0.29564,93.06,-0.61321,0.52174,0.48652,0.87401,1,23,6,0,6,0,6,2,6,11,0,2,1,1,1,1,1,0,0,1,1,1,0,0,0,0,0,0,0,1,0,NoGeroprotectors,CC1=C2COC(=O)C2=C(C(=C1OC)CC=C(C)CCC(=O)O)O,389,0
Phytonadione,450.704,450.34978,10.145,-7.516,2,0,391.55,0.066607,34.14,-2.1844,0.66667,0.61137,0.83396,1,33,2,0,2,2,14,2,6,19,1,2,2,0,0,1,1,0,1,1,0,0,0,0,0,0,0,0,0,0,0,NoGeroprotectors,CC1=C(C(=O)C2=CC=CC=C2C1=O)CC=C(C)CCCC(C)CCCC(C)CCCC(C)C,390,0
Dibutyl Phthalate,278.347,278.15181,4.1158,-3.578,4,0,235.84,0.19539,52.6,-6.4287,0.7,0.48056,0.70997,1,20,4,0,4,0,10,1,6,10,10,1,1,0,0,0,1,0,0,1,0,0,0,0,0,0,0,0,0,0,0,NoGeroprotectors,CCCCOC(=O)C1=CC=CC=C1C(=O)OCCCC,391,0
Ozone,47.997,47.984745,-1.003,-0.146,3,0,39.12,1.0,51.21,-2.5375,1.0,0.0,0.0,1,3,3,0,3,0,0,0,0,0,1,0,0,0,0,0,0,0,0,0,0,0,0,0,0,0,0,0,0,0,0,NoGeroprotectors,[O-][O+]=O,392,1
Aurantio-obtusin,330.291,330.073955,2.2002,-4.222,7,3,230.85,0.36985,113.29,-0.97635,0.45833,0.15491,0.94186,1,24,7,0,7,0,2,3,12,8,0,3,3,0,1,1,2,1,1,2,0,0,0,0,0,0,0,0,0,0,0,NoGeroprotectors,CC1=CC2=C(C(=C1O)OC)C(=O)C3=C(C(=C(C=C3C2=O)O)OC)O,393,1
nemorubicin,643.64,643.226494,0.8317,-4.07,14,5,442.83,0.35718,201.75,4.9964,0.3913,0.38764,1.0503,1,46,14,0,14,7,7,6,12,28,0,6,4,2,3,4,2,1,2,2,2,2,0,0,1,1,0,0,1,0,0,NoGeroprotectors,CC1C(C(CC(O1)OC2CC(CC3=C2C(=C4C(=C3O)C(=O)C5=C(C4=O)C(=CC=C5)OC)O)(C(=O)CO)O)N6CCOC(C6)OC)O,394,1
Bosentan,551.622,551.183855,3.479,-7.481,11,2,410.94,0.3091,154.03,-0.35379,0.38462,0.43288,0.898,1,39,12,0,12,0,10,4,24,12,7,4,2,2,0,0,4,0,0,2,0,0,2,1,0,0,0,4,0,0,0,NoGeroprotectors,CC(C)(C)C1=CC=C(C=C1)S(=O)(=O)NC2=C(C(=NC(=N2)C3=NC=CC=N3)OCCO)OC4=CC=CC=C4OC,395,0
Ropivacaine,274.406,274.204513,3.2567,-3.373,3,1,231.11,0.12137,32.34,3.4549,0.55,0.48804,0.69754,1,20,3,0,3,1,4,2,6,11,3,2,1,1,1,1,1,0,0,1,1,1,0,1,1,1,0,0,1,0,0,NoGeroprotectors,CCCN1CCCCC1C(=O)NC2=C(C=CC=C2C)C,396,0
Meloxicam,351.406,351.034747,1.9072,-2.641,7,2,236.1,0.42804,136.22,5.7572,0.52174,0.19702,0.91408,1,23,9,0,9,0,2,3,11,4,1,3,1,2,0,1,2,0,0,1,0,1,1,2,0,0,0,1,0,0,0,NoGeroprotectors,CC1=CN=C(S1)NC(=O)C2=C(C3=CC=CC=C3S(=O)(=O)N2C)O,397,1
Nabumetone,228.29,228.11503,3.3993,-3.935,2,0,187.65,0.12278,26.3,-3.9295,0.70588,0.4412,0.67019,1,17,2,0,2,0,4,2,10,5,0,2,2,0,0,0,2,0,0,2,0,0,0,0,0,0,0,0,0,0,0,NoGeroprotectors,CC(=O)CCC1=CC2=C(C=C1)C=C(C=C2)OC,398,0
Tirapazamine,178.151,178.049076,-0.0994,-5.615,6,1,119.24,0.45924,89.83,-3.47,0.53846,0.0,0.7473,1,13,6,0,6,0,0,2,10,2,0,2,1,1,0,0,2,0,0,1,0,0,1,0,1,0,1,3,1,0,0,NoGeroprotectors,C1=CC=C2C(=C1)[N+](=C(N=[N+]2[O-])N)[O-],399,1
Tolcapone,273.243,273.063724,1.5205,-3.928,6,2,199.4,0.34935,103.35,-6.2978,0.55,0.52909,0.78055,1,20,6,0,6,0,3,2,12,4,2,2,2,0,0,0,2,0,0,2,0,0,0,0,0,0,0,0,0,0,0,NoGeroprotectors,CC1=CC=C(C=C1)C(=O)C2=CC(=C(C(=C2)O)O)[N+](=O)[O-],400,0
Acridine Orange,265.359,265.157897,3.0853,-3.895,3,0,210.86,0.085697,19.37,0.40939,0.55,0.26787,0.74957,1,20,3,0,3,0,2,3,14,4,10,3,2,1,0,0,3,0,0,2,0,0,1,0,2,0,2,1,0,0,0,NoGeroprotectors,CN(C)C1=CC2=C(C=C1)C=C3C=CC(=CC3=N2)N(C)C,401,0
Aflatoxins,312.276,312.06339,1.6346,-3.266,6,0,208.96,0.31623,71.06,-2.729,0.43478,0.020291,0.97934,1,23,6,0,6,2,1,5,6,9,0,5,2,3,0,4,1,0,1,1,0,3,0,0,0,0,0,0,0,0,0,NoGeroprotectors,COC1=C2C3=C(C(=O)CC3)C(=O)OC2=C4C5C=COC5OC4=C1,402,0
Diethylstilbestrol,268.355,268.14633,4.5248,-3.158,2,2,220.68,0.11872,40.46,-0.78736,0.6,0.47332,0.72049,1,20,2,0,2,0,4,2,12,6,12,2,2,0,0,0,2,0,0,2,0,0,0,0,0,0,0,0,0,0,0,NoGeroprotectors,CCC(=C(CC)C1=CC=C(C=C1)O)C2=CC=C(C=C2)O,403,0
Kynurenic Acid,189.17,189.042594,0.2516,-2.431,4,2,137.78,0.36754,66.4,2.8123,0.57143,0.25187,0.73945,1,14,4,0,4,0,1,2,6,1,0,2,1,1,0,1,1,0,0,1,0,1,0,0,0,0,0,0,0,1,0,NoGeroprotectors,C1=CC=C2C(=C1)C(=O)C=C(N2)C(=O)O,404,1
